Voltage,Current,Power,Energy,Temperature,MotorVoltage,MotorCurrent,MeasuredDutyCycle,TargetDutyCycle,WheelSpeed,Phase,Repeat,CurrentLimit_A,Timestamp_s,Dyno_Timestamp_ms,Dyno_Speed_kmh,Car_Speed_kmh,Dyno_Torque_Nm,Dyno_Power_W
28.341,0.072,2.091,3185.871,17.62,0.204,3.8644,0.0,0.0,0.0,Accelerating,1.0,20.0,0.11863899230957031,,,,,
28.341,0.067,1.904,3186.086,17.62,0.174,3.8529,0.0,0.0,0.0,Accelerating,1.0,20.0,0.21995139122009277,,,,,
28.341,0.07,1.964,3186.301,17.62,0.174,3.8644,0.0,0.0,0.0,Accelerating,1.0,20.0,0.24214887619018555,,,,,
28.341,0.067,1.883,0.169,17.62,0.279,3.8644,0.0,0.0,0.0,Accelerating,1.0,20.0,0.29845643043518066,,,,,
28.328,0.329,9.306,0.737,17.62,2.707,5.7497,9.0,100.0,0.0,Accelerating,1.0,20.0,0.3592236042022705,,,,,
28.256,2.093,56.101,5.384,17.62,4.521,18.3722,20.0,100.0,0.0,Accelerating,1.0,20.0,0.389859676361084,,,,,
28.234,2.616,74.396,12.618,17.62,6.049,18.1537,30.0,100.0,0.0,Accelerating,1.0,20.0,0.4437415599822998,,,,,
28.209,3.187,89.914,21.243,17.62,6.994,18.3722,41.0,100.0,0.0,Accelerating,1.0,20.0,0.5456078052520752,,,,,
28.187,3.593,101.272,31.496,17.62,7.863,18.1078,51.0,100.0,0.0,Accelerating,1.0,20.0,0.6370441913604736,,,,,
28.156,4.301,121.074,43.707,17.62,7.578,18.4009,62.0,100.0,0.0,Accelerating,1.0,20.0,0.7570099830627441,,,,,
28.128,4.968,137.961,57.554,17.62,10.216,18.6251,73.0,100.0,0.0,Accelerating,1.0,20.0,0.8458316326141357,,,,,
28.116,5.249,147.551,72.96,17.75,9.302,18.1595,83.0,100.0,0.0,Accelerating,1.0,20.0,0.9538369178771973,,,,,
28.075,5.981,167.886,89.487,17.75,13.094,19.2688,94.0,100.0,0.0,Accelerating,1.0,20.0,1.0628595352172852,,,,,
28.059,6.19,173.733,107.981,17.75,14.503,17.464,100.0,100.0,0.0,Accelerating,1.0,20.0,1.1633343696594238,,,,,
28.028,6.974,189.216,128.509,17.75,12.734,16.8892,100.0,100.0,0.0,Accelerating,1.0,20.0,1.2737152576446533,,,,,
27.997,7.531,210.816,149.591,17.87,12.615,17.8261,100.0,100.0,0.0,Accelerating,1.0,20.0,1.3797287940979004,,,,,
27.991,7.937,222.072,172.977,17.87,11.715,17.2801,100.0,100.0,0.0,Accelerating,1.0,20.0,1.4918262958526611,,,,,
27.959,8.506,237.744,198.006,18.0,13.274,16.027,100.0,100.0,0.0,Accelerating,1.0,20.0,1.5899999141693115,,,,,
27.931,9.24,258.081,223.273,18.0,18.16,17.9928,100.0,100.0,0.0,Accelerating,1.0,20.0,1.70149564743042,,,,,
,,,,,,,,,,,,,1.7783417701721191,1782.0,1.312166,1.396336,4.511,7.0
27.903,9.432,263.195,250.821,18.12,14.518,17.1881,100.0,100.0,0.0,Accelerating,1.0,20.0,1.8313448429107666,,,,,
27.9,9.593,267.595,279.391,18.12,14.998,17.0961,100.0,100.0,0.0,Accelerating,1.0,20.0,1.9094767570495605,,,,,
27.862,10.322,287.583,308.298,18.25,19.794,16.8145,100.0,100.0,0.0,Accelerating,1.0,20.0,2.0190014839172363,,,,,
27.856,10.538,293.585,338.243,18.25,17.051,17.0674,100.0,100.0,0.0,Accelerating,1.0,20.0,2.1249847412109375,,,,,
27.841,10.8,300.611,370.56,18.25,19.569,17.5387,100.0,100.0,6.359,Accelerating,1.0,20.0,2.226656913757324,,,,,
27.828,11.071,308.028,403.123,18.37,20.349,16.3489,100.0,100.0,6.359,Accelerating,1.0,20.0,2.3413522243499756,,,,,
27.828,11.309,314.724,435.21,18.37,19.854,17.5904,100.0,100.0,6.359,Accelerating,1.0,20.0,2.4371893405914307,,,,,
27.809,11.551,321.336,468.933,18.5,17.231,15.5269,100.0,100.0,6.359,Accelerating,1.0,20.0,2.5473294258117676,,,,,
27.803,11.426,317.748,502.733,18.5,19.36,16.4868,100.0,100.0,6.359,Accelerating,1.0,20.0,2.6535112857818604,,,,,
,,,,,,,,,,,,,2.713177442550659,2720.0,6.102767999999999,6.491721999999999,4.766,34.38
27.791,11.378,316.194,535.365,18.5,21.668,17.6824,100.0,100.0,6.359,Accelerating,1.0,20.0,2.774853467941284,,,,,
27.8,11.412,317.267,569.349,18.62,21.908,16.8777,100.0,100.0,6.359,Accelerating,1.0,20.0,2.8701276779174805,,,,,
27.797,11.28,313.498,602.22,18.62,23.332,14.682,100.0,100.0,6.359,Accelerating,1.0,20.0,2.967184543609619,,,,,
27.791,11.304,314.2,635.781,18.62,23.616,15.3372,100.0,100.0,6.359,Accelerating,1.0,20.0,3.079066514968872,,,,,
27.8,10.075,280.076,668.198,18.62,24.426,16.2109,100.0,100.0,6.359,Accelerating,1.0,20.0,3.1806070804595947,,,,,
27.909,5.062,141.256,701.153,18.62,23.227,16.4753,100.0,100.0,6.359,Accelerating,1.0,20.0,3.285405397415161,,,,,
27.797,11.304,314.217,733.893,18.62,22.147,14.3486,100.0,100.0,6.359,Accelerating,1.0,20.0,3.401564836502075,,,,,
27.8,11.232,312.147,767.048,18.62,22.447,14.6992,100.0,100.0,6.359,Accelerating,1.0,20.0,3.5246658325195312,,,,,
27.803,11.215,311.802,798.689,18.62,22.087,12.9519,100.0,100.0,6.359,Accelerating,1.0,20.0,3.6063592433929443,,,,,
,,,,,,,,,,,,,3.6550028324127197,3658.0,11.051964,11.757219999999998,4.888,63.85
27.797,11.549,321.034,831.022,18.62,20.768,12.0034,100.0,100.0,6.359,Accelerating,1.0,20.0,3.7480666637420654,,,,,
27.791,10.637,295.591,863.77,18.62,21.128,12.7622,100.0,100.0,6.359,Accelerating,1.0,20.0,3.842963695526123,,,,,
27.763,10.666,296.318,897.377,18.62,23.137,14.636,100.0,100.0,6.359,Accelerating,1.0,20.0,3.92586088180542,,,,,
27.759,11.693,316.33,930.801,18.75,26.239,14.3601,100.0,100.0,6.359,Accelerating,1.0,20.0,4.035852909088135,,,,,
27.772,9.487,263.458,965.868,18.75,24.291,16.5328,100.0,100.0,19.076,Accelerating,1.0,20.0,4.1439478397369385,,,,,
27.737,12.038,333.919,1001.303,18.75,25.625,17.7571,100.0,100.0,19.076,Accelerating,1.0,20.0,4.251829147338867,,,,,
27.694,14.09,389.915,1038.267,18.87,26.524,17.1134,100.0,100.0,19.076,Accelerating,1.0,20.0,4.353718280792236,,,,,
27.65,13.601,402.938,1076.79,18.87,26.299,17.5502,100.0,100.0,19.076,Accelerating,1.0,20.0,4.4640655517578125,,,,,
27.672,13.512,381.966,1116.472,19.0,27.034,13.0381,100.0,100.0,19.076,Accelerating,1.0,20.0,4.561457395553589,,,,,
,,,,,,,,,,,,,4.5912253856658936,4595.0,14.452432,15.374758,4.949,84.54
27.591,14.842,409.518,1157.0,19.0,27.723,17.0386,100.0,100.0,19.076,Accelerating,1.0,20.0,4.685350656509399,,,,,
27.647,13.466,372.303,1198.986,19.12,27.873,15.4292,100.0,100.0,19.076,Accelerating,1.0,20.0,4.78468656539917,,,,,
27.703,11.861,329.021,1237.325,19.12,27.753,8.0259,100.0,100.0,19.076,Accelerating,1.0,20.0,4.887600660324097,,,,,
27.85,1.956,54.489,1269.903,19.0,27.948,13.2278,100.0,100.0,19.076,Accelerating,1.0,20.0,4.986419916152954,,,,,
27.781,10.774,299.281,1301.622,18.87,27.948,12.0034,100.0,100.0,19.076,Accelerating,1.0,20.0,5.095988035202026,,,,,
27.834,8.99,250.221,1330.775,18.87,27.963,11.9575,100.0,100.0,19.076,Accelerating,1.0,20.0,5.204514980316162,,,,,
27.844,8.89,244.273,1358.339,18.75,28.038,11.1987,100.0,100.0,19.076,Accelerating,1.0,20.0,5.311236619949341,,,,,
27.841,8.46,235.551,1384.62,18.75,28.008,11.5321,100.0,100.0,19.076,Accelerating,1.0,20.0,5.4141693115234375,,,,,
27.841,8.724,242.885,1411.223,18.62,28.023,10.7619,100.0,100.0,19.076,Accelerating,1.0,20.0,5.525712013244629,,,,,
,,,,,,,,,,,,,5.540048122406006,5533.0,17.872391999999998,19.012674,4.995,105.52
27.847,8.686,241.874,1436.559,18.62,28.023,12.1069,100.0,100.0,19.076,Accelerating,1.0,20.0,5.635409116744995,,,,,
27.872,7.98,222.431,1462.963,18.5,27.933,11.6586,100.0,100.0,19.076,Accelerating,1.0,20.0,5.731694221496582,,,,,
27.853,8.292,230.969,1487.77,18.5,28.023,10.7849,100.0,100.0,19.076,Accelerating,1.0,20.0,5.83706521987915,,,,,
27.859,8.27,230.46,1513.636,18.5,28.113,10.6469,100.0,100.0,19.076,Accelerating,1.0,20.0,5.9455461502075195,,,,,
27.847,8.635,240.456,1538.642,18.5,28.113,11.5436,100.0,100.0,19.076,Accelerating,1.0,20.0,6.051391124725342,,,,,
27.844,8.422,234.521,1563.556,18.37,27.918,10.6239,100.0,100.0,26.141,Accelerating,1.0,20.0,6.161944150924683,,,,,
27.847,8.405,234.045,1588.347,18.37,28.143,10.5665,100.0,100.0,26.141,Accelerating,1.0,20.0,6.266885280609131,,,,,
27.869,7.886,219.776,1612.792,18.37,27.963,11.0493,100.0,100.0,26.141,Accelerating,1.0,20.0,6.375432968139648,,,,,
,,,,,,,,,,,,,6.469165086746216,6471.0,18.986093999999998,20.198142,5.015,112.54
27.859,8.21,228.746,1638.659,18.37,28.113,10.348,100.0,100.0,26.141,Coasting,1.0,20.0,6.4794275760650635,,,,,
28.203,0.192,5.423,1650.125,18.25,23.347,4.5196,82.0,0.0,26.141,Coasting,1.0,20.0,6.601362943649292,,,,,
28.181,0.18,24.645,1651.423,18.12,16.587,4.4736,60.0,0.0,26.141,Coasting,1.0,20.0,6.689164876937866,,,,,
28.194,0.47,13.245,1653.082,18.12,11.865,4.6806,38.0,0.0,26.141,Coasting,1.0,20.0,6.79631781578064,,,,,
28.212,0.05,1.43,1654.38,18.0,5.36,4.5599,18.0,0.0,26.141,Coasting,1.0,20.0,6.903700113296509,,,,,
28.219,0.072,1.998,1654.817,18.0,0.204,3.9678,0.0,0.0,26.141,Coasting,1.0,20.0,7.010267496109009,,,,,
28.219,0.072,1.998,1655.025,18.0,0.189,3.8874,0.0,0.0,26.141,Coasting,1.0,20.0,7.113091468811035,,,,,
28.222,0.074,2.082,1655.247,17.87,0.279,3.8644,0.0,0.0,26.141,Coasting,1.0,20.0,7.225835084915161,,,,,
28.222,0.074,2.104,1655.455,17.87,0.159,3.8816,0.0,0.0,26.141,Coasting,1.0,20.0,7.331815719604492,,,,,
,,,,,,,,,,,,,7.404409646987915,7409.0,19.835767999999998,21.101861999999997,5.019,117.68
28.225,0.072,2.04,1655.67,17.87,0.204,3.8874,0.0,0.0,26.141,Coasting,1.0,20.0,7.456659555435181,,,,,
28.225,0.07,1.934,1655.877,17.87,0.848,4.1748,0.0,0.0,26.141,Coasting,1.0,20.0,7.542437791824341,,,,,
28.228,0.067,1.956,1656.092,17.75,0.354,3.8759,0.0,0.0,26.141,Coasting,1.0,20.0,7.645763874053955,,,,,
28.228,0.072,1.998,1656.307,17.87,0.264,3.8414,0.0,0.0,26.141,Coasting,1.0,20.0,7.75583028793335,,,,,
28.228,0.079,2.231,1656.53,17.75,0.728,4.1173,0.0,0.0,26.141,Coasting,1.0,20.0,7.857453107833862,,,,,
28.231,0.074,2.104,1656.737,17.75,0.114,3.8701,0.0,0.0,26.141,Coasting,1.0,20.0,7.963274240493774,,,,,
28.231,0.07,1.977,1656.945,17.75,0.174,3.8759,0.0,0.0,26.141,Coasting,1.0,20.0,8.07295274734497,,,,,
28.234,0.074,2.083,1657.16,17.75,0.129,3.8471,0.0,0.0,23.668,Coasting,1.0,20.0,8.180257081985474,,,,,
28.234,0.074,2.125,1657.375,17.87,0.204,3.8874,0.0,0.0,23.668,Coasting,1.0,20.0,8.290980815887451,,,,,
,,,,,,,,,,,,,8.345601558685303,8347.0,17.28586,18.388930000000002,4.999,102.14
28.234,0.074,2.084,1657.59,17.75,0.144,3.8759,0.0,0.0,23.668,Coasting,1.0,20.0,8.396432638168335,,,,,
28.234,0.074,2.126,1657.797,17.87,0.114,3.8874,0.0,0.0,23.668,Coasting,1.0,20.0,8.503737926483154,,,,,
28.234,0.072,1.999,1658.02,17.75,0.144,3.8874,0.0,0.0,23.668,Coasting,1.0,20.0,8.606397151947021,,,,,
28.234,0.07,1.935,1658.22,17.75,0.144,3.8759,0.0,0.0,23.668,Coasting,1.0,20.0,8.708261013031006,,,,,
28.237,0.074,2.105,1658.442,17.75,0.204,3.8874,0.0,0.0,23.668,Coasting,1.0,20.0,8.818516969680786,,,,,
28.237,0.074,2.105,1658.642,17.75,0.174,3.8759,0.0,0.0,23.668,Coasting,1.0,20.0,8.92405080795288,,,,,
28.237,0.065,1.851,1658.857,17.75,0.159,3.8529,0.0,0.0,23.668,Coasting,1.0,20.0,9.027164697647095,,,,,
28.237,0.07,1.936,1659.072,17.75,0.129,3.8816,0.0,0.0,23.668,Coasting,1.0,20.0,9.140615463256836,,,,,
28.241,0.074,2.105,1659.287,17.75,0.114,3.9104,0.0,0.0,23.668,Coasting,1.0,20.0,9.24437403678894,,,,,
,,,,,,,,,,,,,9.282070875167847,9284.0,13.034832,13.866786,4.969,76.55
28.241,0.065,1.83,1659.502,17.75,0.189,3.8644,0.0,0.0,23.668,Coasting,1.0,20.0,9.350911378860474,,,,,
28.241,0.067,1.872,1659.709,17.75,0.144,3.8759,0.0,0.0,23.668,Coasting,1.0,20.0,9.454630374908447,,,,,
28.244,0.074,2.084,1659.924,17.75,0.189,3.8644,0.0,0.0,23.668,Coasting,1.0,20.0,9.558706045150757,,,,,
28.244,0.072,2.021,1660.147,17.75,0.159,3.8644,0.0,0.0,23.668,Coasting,1.0,20.0,9.663695096969604,,,,,
28.241,0.072,2.041,1660.355,17.75,0.099,3.8759,0.0,0.0,23.668,Coasting,1.0,20.0,9.765784978866577,,,,,
28.244,0.072,2.0,1660.57,17.75,0.084,3.8644,0.0,0.0,23.668,Coasting,1.0,20.0,9.880542039871216,,,,,
28.244,0.077,2.169,1660.777,17.75,0.114,3.8529,0.0,0.0,23.668,Coasting,1.0,20.0,9.980271577835083,,,,,
28.247,0.077,2.169,1660.992,17.75,0.159,3.8529,0.0,0.0,23.668,Coasting,1.0,20.0,10.085636615753174,,,,,
28.247,0.062,1.766,1661.192,17.75,0.174,3.8529,0.0,0.0,12.011,Coasting,1.0,20.0,10.197896718978882,,,,,
,,,,,,,,,,,,,10.230109453201294,10222.0,9.644995999999999,10.260766,4.93,56.21
28.247,0.067,1.894,1661.399,17.75,1.043,4.2552,0.0,0.0,12.011,Coasting,1.0,20.0,10.302639722824097,,,,,
28.25,0.065,1.851,1661.614,17.75,0.174,3.8529,0.0,0.0,12.011,Coasting,1.0,20.0,10.40329360961914,,,,,
28.25,0.077,2.148,1661.829,17.75,0.159,3.8529,0.0,0.0,12.011,Coasting,1.0,20.0,10.513888359069824,,,,,
28.25,0.086,2.424,1662.044,17.75,0.818,4.3472,0.0,0.0,12.011,Coasting,1.0,20.0,10.62651801109314,,,,,
28.25,0.067,1.894,1662.252,17.75,0.174,3.8471,0.0,0.0,12.011,Coasting,1.0,20.0,10.723284006118774,,,,,
28.25,0.079,2.212,1662.451,17.75,0.054,3.8356,0.0,0.0,12.011,Coasting,1.0,20.0,10.830596446990967,,,,,
28.253,0.07,1.957,1662.666,17.75,0.279,3.9218,0.0,0.0,12.011,Coasting,1.0,20.0,10.934298515319824,,,,,
28.253,0.072,2.0,1662.881,17.75,0.563,4.0598,0.0,0.0,12.011,Coasting,1.0,20.0,11.039088487625122,,,,,
28.253,0.074,2.127,1663.089,17.75,0.204,3.9161,0.0,0.0,12.011,Coasting,1.0,20.0,11.152565956115723,,,,,
,,,,,,,,,,,,,11.15269422531128,11160.0,5.100702,5.42675,4.845,29.21
28.253,0.072,2.0,0.169,17.75,0.189,3.8529,0.0,0.0,12.011,Accelerating,2.0,20.0,11.27588963508606,,,,,
28.244,0.334,9.422,0.66,17.75,3.696,6.9223,8.0,100.0,12.011,Accelerating,2.0,20.0,11.36314868927002,,,,,
28.172,2.124,59.821,4.339,17.75,3.891,18.4066,19.0,100.0,12.011,Accelerating,2.0,20.0,11.464315414428711,,,,,
28.147,2.707,76.191,11.305,17.75,5.105,18.4641,29.0,100.0,12.011,Accelerating,2.0,20.0,11.57721734046936,,,,,
28.122,3.247,91.297,19.814,17.75,7.069,17.7571,40.0,100.0,12.011,Accelerating,2.0,20.0,11.678576469421387,,,,,
28.116,3.23,90.813,29.407,17.75,8.058,19.0619,50.0,100.0,12.011,Accelerating,2.0,20.0,11.783018827438354,,,,,
28.078,4.378,122.877,40.835,17.75,6.529,18.5733,61.0,100.0,12.011,Accelerating,2.0,20.0,11.889061450958252,,,,,
28.05,4.308,134.376,53.852,17.75,10.156,18.4871,72.0,100.0,12.011,Accelerating,2.0,20.0,11.99583911895752,,,,,
,,,,,,,,,,,,,12.090490341186523,12098.0,1.700234,1.8083259999999999,3.817,7.67
28.062,4.327,121.416,67.668,17.87,8.747,18.6021,82.0,100.0,12.011,Accelerating,2.0,20.0,12.139953136444092,,,,,
28.006,5.69,159.379,83.758,17.87,10.006,18.102,93.0,100.0,2.826,Accelerating,2.0,20.0,12.2293701171875,,,,,
27.962,6.629,185.476,101.652,17.87,13.214,17.487,100.0,100.0,2.826,Accelerating,2.0,20.0,12.317895889282227,,,,,
27.987,6.259,166.414,120.891,18.0,10.171,18.717,100.0,100.0,2.826,Accelerating,2.0,20.0,12.428938150405884,,,,,
27.925,7.466,208.463,141.212,18.0,14.233,19.0389,100.0,100.0,2.826,Accelerating,2.0,20.0,12.530816078186035,,,,,
27.894,8.194,228.63,163.96,18.0,14.593,16.7627,100.0,100.0,2.826,Accelerating,2.0,20.0,12.633667707443237,,,,,
27.909,7.584,211.649,187.169,18.12,13.724,18.3032,100.0,100.0,2.826,Accelerating,2.0,20.0,12.74163818359375,,,,,
27.894,8.659,241.331,212.314,18.12,15.642,17.7514,100.0,100.0,2.826,Accelerating,2.0,20.0,12.849913120269775,,,,,
27.825,9.473,269.508,238.748,18.25,18.31,16.8777,100.0,100.0,2.826,Accelerating,2.0,20.0,12.958794832229614,,,,,
,,,,,,,,,,,,,13.034294843673706,13035.0,1.700234,1.8083259999999999,4.887,9.82
27.853,8.861,246.816,265.513,18.25,17.036,16.4179,100.0,100.0,2.826,Accelerating,2.0,20.0,13.08047103881836,,,,,
27.831,9.782,272.074,294.259,18.37,19.974,17.3835,100.0,100.0,2.826,Accelerating,2.0,20.0,13.171201705932617,,,,,
27.756,11.302,321.77,324.05,18.37,18.565,18.1193,100.0,100.0,2.826,Accelerating,2.0,20.0,13.274965286254883,,,,,
27.791,9.91,275.394,353.718,18.5,19.225,16.9237,100.0,100.0,2.826,Accelerating,2.0,20.0,13.383142709732056,,,,,
27.806,10.27,285.293,385.183,18.5,14.743,10.8539,100.0,100.0,2.826,Accelerating,2.0,20.0,13.48358154296875,,,,,
27.747,10.325,286.501,416.371,18.62,20.244,15.3372,100.0,100.0,2.826,Accelerating,2.0,20.0,13.589928388595581,,,,,
27.737,10.805,299.728,449.318,18.62,17.231,14.9004,100.0,100.0,2.826,Accelerating,2.0,20.0,13.69819974899292,,,,,
27.772,10.61,294.444,481.836,18.62,20.259,17.3605,100.0,100.0,2.826,Accelerating,2.0,20.0,13.810096740722656,,,,,
27.703,12.089,334.85,515.528,18.75,21.938,17.0501,100.0,100.0,2.826,Accelerating,2.0,20.0,13.906856775283813,,,,,
,,,,,,,,,,,,,13.974539995193481,13973.0,6.240984,6.639684,4.96,36.58
27.691,11.426,316.872,548.506,18.75,20.529,17.0904,100.0,100.0,2.826,Accelerating,2.0,20.0,14.035048246383667,,,,,
27.756,10.447,289.871,581.683,18.75,22.867,17.1076,100.0,100.0,2.826,Accelerating,2.0,20.0,14.126631021499634,,,,,
27.694,12.49,331.262,615.283,18.75,22.987,17.7054,100.0,100.0,11.657,Accelerating,2.0,20.0,14.226439952850342,,,,,
27.706,11.957,331.259,648.384,18.87,23.077,17.6134,100.0,100.0,11.657,Accelerating,2.0,20.0,14.337889671325684,,,,,
27.741,10.154,281.785,681.723,18.87,21.878,16.9812,100.0,100.0,11.657,Accelerating,2.0,20.0,14.445489168167114,,,,,
27.716,11.388,315.608,713.526,18.87,24.875,17.9583,100.0,100.0,11.657,Accelerating,2.0,20.0,14.546279907226562,,,,,
27.691,11.894,329.349,746.834,18.87,24.036,17.2801,100.0,100.0,11.657,Accelerating,2.0,20.0,14.657707929611206,,,,,
27.722,10.298,285.621,779.796,18.87,20.319,12.8656,100.0,100.0,11.657,Accelerating,2.0,20.0,14.75842571258545,,,,,
27.716,11.268,312.333,812.306,18.87,24.546,18.0963,100.0,100.0,11.657,Accelerating,2.0,20.0,14.869498014450073,,,,,
,,,,,,,,,,,,,14.9140043258667,14911.0,11.051964,11.757219999999998,5.002,65.34
27.687,12.022,332.834,844.155,18.87,23.766,16.6593,100.0,100.0,11.657,Accelerating,2.0,20.0,14.98420238494873,,,,,
27.734,11.23,311.416,877.425,18.87,24.381,15.8776,100.0,100.0,11.657,Accelerating,2.0,20.0,15.076718807220459,,,,,
27.759,9.516,263.682,910.149,18.87,25.4,17.6767,100.0,100.0,11.657,Accelerating,2.0,20.0,15.191535949707031,,,,,
27.766,11.131,308.624,943.288,18.87,24.905,15.6476,100.0,100.0,11.657,Accelerating,2.0,20.0,15.29740858078003,,,,,
27.7,11.662,323.02,976.689,18.87,25.145,16.119,100.0,100.0,11.657,Accelerating,2.0,20.0,15.397024393081665,,,,,
27.653,13.073,361.205,1011.295,18.87,26.284,15.8143,100.0,100.0,11.657,Accelerating,2.0,20.0,15.505152463912964,,,,,
27.597,13.884,365.193,1048.673,19.0,27.678,18.4641,100.0,100.0,11.657,Accelerating,2.0,20.0,15.613286256790161,,,,,
27.559,14.738,406.185,1086.282,19.0,28.173,15.2913,100.0,100.0,11.657,Accelerating,2.0,20.0,15.722093105316162,,,,,
27.625,12.314,340.169,1124.229,19.12,27.603,17.9468,100.0,100.0,11.657,Accelerating,2.0,20.0,15.82699203491211,,,,,
,,,,,,,,,,,,,15.85845398902893,15849.0,14.168911999999999,15.072632,5.032,84.27
27.622,14.837,408.918,1163.259,19.12,27.543,16.1764,100.0,100.0,11.657,Accelerating,2.0,20.0,15.956130266189575,,,,,
27.531,14.714,405.095,1203.633,19.25,28.488,16.8834,100.0,100.0,11.657,Accelerating,2.0,20.0,16.048317193984985,,,,,
27.609,12.9,356.183,1244.329,19.25,28.743,12.8311,100.0,100.0,11.657,Accelerating,2.0,20.0,16.140992641448975,,,,,
27.675,5.448,151.487,1279.91,19.12,27.918,14.7854,100.0,100.0,22.255,Accelerating,2.0,20.0,16.24704098701477,,,,,
27.825,7.212,200.661,1313.196,19.12,28.907,13.2737,100.0,100.0,22.255,Accelerating,2.0,20.0,16.355953216552734,,,,,
27.844,10.879,301.651,1344.1,19.0,28.113,12.3138,100.0,100.0,22.255,Accelerating,2.0,20.0,16.458160877227783,,,,,
27.734,9.79,292.995,1373.453,19.0,28.008,11.7505,100.0,100.0,22.255,Accelerating,2.0,20.0,16.57343292236328,,,,,
27.75,9.823,272.609,1401.807,18.87,28.713,12.2161,100.0,100.0,22.255,Accelerating,2.0,20.0,16.675901889801025,,,,,
27.744,9.355,259.546,1428.242,18.87,27.903,11.6356,100.0,100.0,22.255,Accelerating,2.0,20.0,16.78663945198059,,,,,
,,,,,,,,,,,,,16.7887020111084,16786.0,17.56938,18.69017,5.064,105.16
27.753,9.398,261.763,1454.492,18.75,27.963,13.0611,100.0,100.0,22.255,Accelerating,2.0,20.0,16.90193271636963,,,,,
27.728,10.133,281.021,1481.057,18.75,28.982,12.3368,100.0,100.0,22.255,Accelerating,2.0,20.0,16.998514652252197,,,,,
27.756,9.367,260.046,1506.916,18.75,27.948,10.8424,100.0,100.0,22.255,Accelerating,2.0,20.0,17.105000257492065,,,,,
27.822,7.426,206.643,1532.39,18.75,27.978,10.5665,100.0,100.0,22.255,Accelerating,2.0,20.0,17.21345567703247,,,,,
27.828,7.202,200.435,1557.197,18.75,28.982,11.2217,100.0,100.0,22.255,Accelerating,2.0,20.0,17.31519865989685,,,,,
27.819,8.357,232.204,1581.911,18.62,27.963,11.0033,100.0,100.0,22.255,Accelerating,2.0,20.0,17.423771381378174,,,,,
27.769,9.043,251.11,1607.424,18.62,27.963,11.1183,100.0,100.0,22.255,Accelerating,2.0,20.0,17.533348321914673,,,,,
27.8,8.333,231.661,1632.983,18.62,28.608,12.5782,100.0,100.0,22.255,Accelerating,2.0,20.0,17.63101577758789,,,,,
,,,,,,,,,,,,,17.724195957183838,17724.0,19.006472000000002,20.220292,5.078,114.07
27.781,8.623,239.45,1657.812,18.62,27.933,11.5838,100.0,100.0,22.255,Coasting,2.0,20.0,17.755035400390625,,,,,
28.156,-0.154,21.374,1667.773,18.5,22.957,4.4162,80.0,0.0,22.255,Coasting,2.0,20.0,17.855851411819458,,,,,
28.112,1.174,33.014,1669.179,18.37,17.081,5.4738,58.0,0.0,22.255,Coasting,2.0,20.0,17.951533794403076,,,,,
28.134,0.682,19.2,1670.684,18.25,10.351,4.5541,36.0,0.0,22.255,Coasting,2.0,20.0,18.059170961380005,,,,,
28.144,0.214,6.019,1671.882,18.25,4.91,4.4334,16.0,0.0,26.847,Coasting,2.0,20.0,18.161123991012573,,,,,
28.153,0.072,2.014,1672.274,18.12,0.578,3.9851,0.0,0.0,26.847,Coasting,2.0,20.0,18.269697904586792,,,,,
28.156,0.082,2.285,1672.489,18.12,0.309,3.9448,0.0,0.0,26.847,Coasting,2.0,20.0,18.38140106201172,,,,,
28.159,0.07,1.951,1672.704,18.12,0.144,3.8644,0.0,0.0,26.847,Coasting,2.0,20.0,18.484251737594604,,,,,
28.163,0.07,1.93,1672.911,18.0,0.264,3.9104,0.0,0.0,26.847,Coasting,2.0,20.0,18.590348482131958,,,,,
,,,,,,,,,,,,,18.672285556793213,18662.0,19.835767999999998,21.101861999999997,5.076,119.01
28.159,0.072,1.993,1673.126,18.0,0.144,3.8644,0.0,0.0,26.847,Coasting,2.0,20.0,18.712494373321533,,,,,
28.163,0.07,1.93,1673.334,18.0,0.159,3.8299,0.0,0.0,26.847,Coasting,2.0,20.0,18.80702257156372,,,,,
28.166,0.074,2.1,1673.549,18.0,0.399,4.0023,0.0,0.0,26.847,Coasting,2.0,20.0,18.91248321533203,,,,,
28.166,0.07,1.973,1673.764,18.0,0.174,3.8759,0.0,0.0,26.847,Coasting,2.0,20.0,19.016833543777466,,,,,
28.169,0.077,2.163,1673.979,18.0,0.129,3.8414,0.0,0.0,26.847,Coasting,2.0,20.0,19.128693342208862,,,,,
28.169,0.074,2.1,1674.202,18.0,0.593,4.0368,0.0,0.0,26.847,Coasting,2.0,20.0,19.2292160987854,,,,,
28.172,0.072,2.037,1674.409,18.0,0.204,3.8644,0.0,0.0,26.847,Coasting,2.0,20.0,19.333085536956787,,,,,
28.175,0.072,2.016,1674.624,17.87,0.204,3.8644,0.0,0.0,26.847,Coasting,2.0,20.0,19.44760036468506,,,,,
28.175,0.082,2.269,1674.831,17.87,0.174,3.8414,0.0,0.0,26.847,Coasting,2.0,20.0,19.54980731010437,,,,,
,,,,,,,,,,,,,19.60780954360962,19598.0,16.718819999999997,17.78645,5.053,99.86
28.172,0.07,1.973,1675.039,18.0,1.238,4.2092,0.0,0.0,26.847,Coasting,2.0,20.0,19.667751789093018,,,,,
28.175,0.077,2.163,1675.246,17.87,0.114,3.9448,0.0,0.0,26.847,Coasting,2.0,20.0,19.760989904403687,,,,,
28.175,0.07,1.973,1675.453,17.87,0.144,3.8414,0.0,0.0,26.847,Coasting,2.0,20.0,19.864301919937134,,,,,
28.178,0.072,2.037,1675.661,17.87,0.653,4.1288,0.0,0.0,26.847,Coasting,2.0,20.0,19.976981163024902,,,,,
28.181,0.084,2.016,1675.876,17.87,0.189,3.8759,0.0,0.0,26.847,Coasting,2.0,20.0,20.07607412338257,,,,,
28.181,0.072,2.016,1676.076,17.87,0.129,3.8644,0.0,0.0,19.429,Coasting,2.0,20.0,20.183399200439453,,,,,
28.181,0.077,2.164,1676.298,17.87,0.623,4.0713,0.0,0.0,19.429,Coasting,2.0,20.0,20.28604769706726,,,,,
28.181,0.072,2.059,1676.513,17.87,0.174,3.8644,0.0,0.0,19.429,Coasting,2.0,20.0,20.392966985702515,,,,,
28.184,0.067,2.059,1676.721,17.87,0.204,3.8414,0.0,0.0,19.429,Coasting,2.0,20.0,20.50611162185669,,,,,
,,,,,,,,,,,,,20.549192190170288,20536.0,13.049008,13.882734,5.022,77.46
28.184,0.067,1.868,1676.928,17.87,0.354,4.0713,0.0,0.0,19.429,Coasting,2.0,20.0,20.610530614852905,,,,,
28.184,0.065,1.848,1677.143,17.87,0.384,3.9448,0.0,0.0,19.429,Coasting,2.0,20.0,20.720316648483276,,,,,
28.191,0.072,2.016,1677.35,17.87,0.144,3.8529,0.0,0.0,19.429,Coasting,2.0,20.0,20.824333667755127,,,,,
28.191,0.06,1.721,1677.565,17.87,0.174,3.8644,0.0,0.0,19.429,Coasting,2.0,20.0,20.929959774017334,,,,,
28.191,0.079,2.228,1677.773,17.87,1.133,4.2437,0.0,0.0,19.429,Coasting,2.0,20.0,21.034106969833374,,,,,
28.191,0.07,1.953,1677.996,17.87,0.144,3.8759,0.0,0.0,19.429,Coasting,2.0,20.0,21.134506464004517,,,,,
28.191,0.074,2.123,1678.211,17.87,0.159,3.8759,0.0,0.0,19.429,Coasting,2.0,20.0,21.24458599090576,,,,,
28.194,0.07,1.975,1678.426,17.87,1.013,4.2782,0.0,0.0,19.429,Coasting,2.0,20.0,21.350128173828125,,,,,
28.194,0.07,1.954,1678.633,17.87,0.129,3.8816,0.0,0.0,19.429,Coasting,2.0,20.0,21.46118974685669,,,,,
,,,,,,,,,,,,,21.48641872406006,21474.0,9.35173,9.948008,4.974,54.98
28.194,0.072,2.017,0.123,17.87,0.159,3.8644,0.0,0.0,19.429,Accelerating,3.0,20.0,21.61656427383423,,,,,
28.191,0.245,6.875,0.468,17.87,2.602,6.336,6.0,100.0,19.429,Accelerating,3.0,20.0,21.683584213256836,,,,,
28.166,0.835,23.516,1.912,17.87,5.015,5.2439,16.0,100.0,19.429,Accelerating,3.0,20.0,21.778560876846313,,,,,
28.028,4.097,114.83,8.456,17.87,6.739,17.0156,27.0,100.0,19.429,Accelerating,3.0,20.0,21.878905057907104,,,,,
28.0,4.673,130.832,20.859,17.87,8.358,17.556,37.0,100.0,19.429,Accelerating,3.0,20.0,21.98469114303589,,,,,
27.991,5.009,140.184,34.499,18.0,8.328,17.4755,48.0,100.0,19.429,Accelerating,3.0,20.0,22.092150688171387,,,,,
27.978,5.275,147.518,50.173,18.0,10.876,18.1078,59.0,100.0,7.772,Accelerating,3.0,20.0,22.201229572296143,,,,,
27.916,6.706,180.336,67.914,18.12,9.452,17.8433,69.0,100.0,7.772,Accelerating,3.0,20.0,22.30532479286194,,,,,
27.906,6.754,188.472,86.523,18.12,10.426,17.7399,80.0,100.0,7.772,Accelerating,3.0,20.0,22.407426834106445,,,,,
,,,,,,,,,,,,,22.42611837387085,22412.0,5.100702,5.425864,4.934,29.74
27.906,6.948,193.809,107.013,18.12,13.334,18.3837,90.0,100.0,7.772,Accelerating,3.0,20.0,22.519386529922485,,,,,
27.85,8.136,226.552,128.709,18.25,12.36,18.0905,100.0,100.0,7.772,Accelerating,3.0,20.0,22.626431465148926,,,,,
27.819,8.172,227.473,152.909,18.25,14.098,18.2342,100.0,100.0,7.772,Accelerating,3.0,20.0,22.73191523551941,,,,,
27.828,7.934,219.26,177.754,18.25,14.068,17.2801,100.0,100.0,7.772,Accelerating,3.0,20.0,22.831313610076904,,,,,
27.797,9.278,257.919,203.405,18.37,16.122,17.8721,100.0,100.0,7.772,Accelerating,3.0,20.0,22.94526195526123,,,,,
27.741,9.888,274.529,231.007,18.37,18.325,17.8204,100.0,100.0,7.772,Accelerating,3.0,20.0,23.050801992416382,,,,,
27.772,9.115,253.113,258.931,18.5,15.702,17.0271,100.0,100.0,7.772,Accelerating,3.0,20.0,23.15840768814087,,,,,
27.75,9.917,275.203,288.492,18.5,19.225,15.6361,100.0,100.0,7.772,Accelerating,3.0,20.0,23.26070785522461,,,,,
,,,,,,,,,,,,,23.35832643508911,23349.0,3.9719379999999997,4.225334,4.979,23.37
27.691,11.642,322.403,319.665,18.62,18.805,17.0156,100.0,100.0,7.772,Accelerating,3.0,20.0,23.411088705062866,,,,,
27.722,10.236,283.767,351.045,18.75,21.653,16.9927,100.0,100.0,7.772,Accelerating,3.0,20.0,23.48664951324463,,,,,
27.716,10.771,298.514,382.111,18.75,17.711,16.6938,100.0,100.0,7.772,Accelerating,3.0,20.0,23.575579166412354,,,,,
27.663,12.667,350.372,415.188,18.75,16.512,12.1242,100.0,100.0,7.772,Accelerating,3.0,20.0,23.685489177703857,,,,,
27.778,10.486,243.563,448.128,18.87,23.092,14.9694,100.0,100.0,7.772,Accelerating,3.0,20.0,23.795745849609375,,,,,
27.697,10.733,297.252,480.276,18.87,21.128,16.7972,100.0,100.0,7.772,Accelerating,3.0,20.0,23.89853072166443,,,,,
27.65,11.82,326.845,514.115,18.87,19.36,14.7854,100.0,100.0,7.772,Accelerating,3.0,20.0,24.0032639503479,,,,,
27.641,11.422,315.99,546.616,18.87,22.207,16.2914,100.0,100.0,7.772,Accelerating,3.0,20.0,24.111327648162842,,,,,
27.694,10.469,289.409,579.587,19.0,22.777,17.2686,100.0,100.0,12.011,Accelerating,3.0,20.0,24.21547222137451,,,,,
,,,,,,,,,,,,,24.289316177368164,24287.0,7.65947,8.148541999999999,5.027,45.51
27.656,11.83,327.14,612.326,19.0,23.167,18.1307,100.0,100.0,12.011,Accelerating,3.0,20.0,24.367568016052246,,,,,
27.622,11.666,322.466,645.949,19.0,23.781,17.0674,100.0,100.0,12.011,Accelerating,3.0,20.0,24.444381713867188,,,,,
27.675,10.738,297.196,678.106,19.0,23.781,16.096,100.0,100.0,12.011,Accelerating,3.0,20.0,24.53271746635437,,,,,
27.687,11.186,309.526,710.769,19.0,25.085,16.7857,100.0,100.0,12.011,Accelerating,3.0,20.0,24.63405752182007,,,,,
27.638,11.894,328.719,743.063,19.0,22.792,15.8028,100.0,100.0,12.011,Accelerating,3.0,20.0,24.746270418167114,,,,,
27.65,11.064,306.081,775.542,19.0,24.95,17.7226,100.0,100.0,12.011,Accelerating,3.0,20.0,24.851157903671265,,,,,
27.681,10.454,289.394,808.243,19.0,25.535,15.3775,100.0,100.0,12.011,Accelerating,3.0,20.0,24.9543354511261,,,,,
27.641,11.29,312.034,840.73,19.0,25.685,17.7514,100.0,100.0,12.011,Accelerating,3.0,20.0,25.059260368347168,,,,,
27.622,11.407,328.321,874.092,19.0,25.955,12.3828,100.0,100.0,12.011,Accelerating,3.0,20.0,25.165783882141113,,,,,
,,,,,,,,,,,,,25.227314710617065,25225.0,12.752198,13.565546000000001,5.068,76.38
27.634,11.335,313.231,906.179,19.0,23.856,14.3544,100.0,100.0,12.011,Accelerating,3.0,20.0,25.3022141456604,,,,,
27.628,11.966,330.598,940.915,19.12,20.109,11.4057,100.0,100.0,12.011,Accelerating,3.0,20.0,25.387840270996094,,,,,
27.612,13.229,364.986,976.596,19.0,25.25,9.7273,100.0,100.0,12.011,Accelerating,3.0,20.0,25.48485279083252,,,,,
27.616,9.917,275.882,1011.901,19.12,24.711,13.7853,100.0,100.0,12.011,Accelerating,3.0,20.0,25.588569402694702,,,,,
27.609,12.902,340.186,1049.234,19.12,23.736,14.1187,100.0,100.0,12.011,Accelerating,3.0,20.0,25.702411890029907,,,,,
27.481,15.732,432.318,1087.78,19.25,27.633,17.9123,100.0,100.0,12.011,Accelerating,3.0,20.0,25.804746389389038,,,,,
27.472,15.509,426.051,1129.882,19.37,27.963,18.717,100.0,100.0,12.011,Accelerating,3.0,20.0,25.90734076499939,,,,,
27.547,13.26,365.225,1170.87,19.37,27.633,16.6248,100.0,100.0,12.011,Accelerating,3.0,20.0,26.01937985420227,,,,,
27.591,11.887,338.766,1210.015,19.37,27.843,15.0613,100.0,100.0,12.011,Accelerating,3.0,20.0,26.126670360565186,,,,,
,,,,,,,,,,,,,26.171614408493042,26163.0,15.869146,16.881843999999997,5.092,95.51
27.647,10.663,294.812,1244.759,19.25,28.638,13.5899,100.0,100.0,21.902,Accelerating,3.0,20.0,26.23732829093933,,,,,
27.694,9.326,258.308,1276.946,19.25,27.783,12.7737,100.0,100.0,21.902,Accelerating,3.0,20.0,26.333706617355347,,,,,
27.706,9.295,257.503,1306.537,19.12,27.963,12.4863,100.0,100.0,21.902,Accelerating,3.0,20.0,26.44232177734375,,,,,
27.722,8.933,247.668,1334.753,19.12,28.593,12.1989,100.0,100.0,21.902,Accelerating,3.0,20.0,26.544915914535522,,,,,
27.709,9.787,271.084,1362.985,19.0,27.918,11.285,100.0,100.0,21.902,Accelerating,3.0,20.0,26.650040864944458,,,,,
27.719,9.228,255.79,1390.034,19.0,27.993,11.854,100.0,100.0,21.902,Accelerating,3.0,20.0,26.761546850204468,,,,,
27.722,9.038,250.522,1416.714,19.0,28.743,12.2161,100.0,100.0,21.902,Accelerating,3.0,20.0,26.864448070526123,,,,,
27.725,9.302,257.709,1442.634,18.87,27.903,11.9345,100.0,100.0,21.902,Accelerating,3.0,20.0,26.977623462677002,,,,,
27.716,8.942,247.808,1467.441,18.87,27.783,11.3942,100.0,100.0,21.902,Accelerating,3.0,20.0,27.08137345314026,,,,,
,,,,,,,,,,,,,27.104904174804688,27100.0,18.136419999999998,19.293536,5.118,109.7
27.716,9.134,253.161,1492.646,18.87,28.548,12.0897,100.0,100.0,21.902,Accelerating,3.0,20.0,27.183932304382324,,,,,
27.737,4.375,121.805,1518.436,18.87,27.993,12.7622,100.0,100.0,21.902,Accelerating,3.0,20.0,27.28720712661743,,,,,
27.706,7.092,197.421,1543.427,18.75,27.873,12.3713,100.0,100.0,21.902,Accelerating,3.0,20.0,27.401728868484497,,,,,
27.7,7.202,200.64,1568.21,18.75,28.038,12.4978,100.0,100.0,21.902,Accelerating,3.0,20.0,27.500918865203857,,,,,
27.853,9.854,215.836,1593.984,18.75,28.233,11.923,100.0,100.0,21.902,Accelerating,3.0,20.0,27.60988759994507,,,,,
27.719,9.564,265.119,1618.967,18.75,27.843,12.3138,100.0,100.0,21.902,Accelerating,3.0,20.0,27.71623682975769,,,,,
27.716,9.216,255.442,1644.833,18.75,27.903,10.6584,100.0,100.0,21.902,Accelerating,3.0,20.0,27.825308322906494,,,,,
27.712,9.557,264.811,1669.056,18.75,28.728,11.1815,100.0,100.0,21.902,Accelerating,3.0,20.0,27.92534613609314,,,,,
27.731,8.441,234.106,1693.901,18.75,27.843,11.7275,100.0,100.0,21.902,Accelerating,3.0,20.0,28.029021739959717,,,,,
,,,,,,,,,,,,,28.05389904975891,28038.0,19.289991999999998,20.521532,5.121,116.76
28.022,1.714,37.908,1713.331,18.62,24.276,3.9506,88.0,0.0,21.902,Coasting,3.0,20.0,28.158539295196533,,,,,
28.097,-0.192,5.42,1714.445,18.5,19.554,5.2899,68.0,0.0,27.2,Coasting,3.0,20.0,28.256665468215942,,,,,
28.072,1.037,29.1,1715.873,18.37,12.854,4.7955,46.0,0.0,27.2,Coasting,3.0,20.0,28.35738754272461,,,,,
28.091,0.547,7.323,1717.371,18.37,7.638,4.5196,24.0,0.0,27.2,Coasting,3.0,20.0,28.46245551109314,,,,,
28.106,0.082,1.737,1718.008,18.37,2.077,4.3587,4.0,0.0,27.2,Coasting,3.0,20.0,28.565537214279175,,,,,
28.109,0.072,1.99,1718.262,18.25,0.204,3.8529,0.0,0.0,27.2,Coasting,3.0,20.0,28.67457890510559,,,,,
28.112,0.07,1.969,1718.469,18.25,0.204,3.8701,0.0,0.0,27.2,Coasting,3.0,20.0,28.771806955337524,,,,,
28.112,0.065,1.843,1718.676,18.25,0.339,3.9793,0.0,0.0,27.2,Coasting,3.0,20.0,28.883718013763428,,,,,
28.112,0.065,2.032,1718.892,18.25,0.264,3.8989,0.0,0.0,27.2,Coasting,3.0,20.0,28.990424156188965,,,,,
,,,,,,,,,,,,,28.99051594734192,28976.0,19.553134,20.800622,5.119,118.31
28.116,0.072,1.991,1719.107,18.12,-0.021,3.8644,0.0,0.0,27.2,Coasting,3.0,20.0,29.098614931106567,,,,,
28.119,0.06,1.695,1719.314,18.12,0.264,3.7724,0.0,0.0,27.2,Coasting,3.0,20.0,29.204509973526,,,,,
28.122,0.072,2.033,1719.529,18.12,0.324,4.0426,0.0,0.0,27.2,Coasting,3.0,20.0,29.306607961654663,,,,,
28.122,0.067,2.033,1719.736,18.12,0.174,3.8299,0.0,0.0,27.2,Coasting,3.0,20.0,29.410829305648804,,,,,
28.122,0.072,2.054,1719.944,18.12,0.219,3.8759,0.0,0.0,27.2,Coasting,3.0,20.0,29.515740633010864,,,,,
28.125,0.082,2.282,1720.159,18.12,1.028,4.0598,0.0,0.0,27.2,Coasting,3.0,20.0,29.62321949005127,,,,,
28.128,0.072,2.033,1720.366,18.12,-0.021,3.8414,0.0,0.0,27.2,Coasting,3.0,20.0,29.735191583633423,,,,,
28.128,0.074,2.076,1720.573,18.12,0.159,3.8644,0.0,0.0,27.2,Coasting,3.0,20.0,29.842646837234497,,,,,
,,,,,,,,,,,,,29.92771053314209,29914.0,17.00234,18.08769,5.094,102.38
28.131,0.072,2.033,1720.788,18.12,0.848,4.2897,0.0,0.0,27.2,Coasting,3.0,20.0,29.968114852905273,,,,,
28.131,0.074,2.076,1721.004,18.12,0.174,3.8414,0.0,0.0,27.2,Coasting,3.0,20.0,30.046912908554077,,,,,
28.131,0.072,1.992,1721.203,18.0,0.159,3.8644,0.0,0.0,21.548,Coasting,3.0,20.0,30.15477156639099,,,,,
28.134,0.07,1.928,1721.418,18.12,0.908,4.2552,0.0,0.0,21.548,Coasting,3.0,20.0,30.259517908096313,,,,,
28.134,0.065,1.844,1721.618,18.0,0.174,3.8759,0.0,0.0,21.548,Coasting,3.0,20.0,30.36633610725403,,,,,
28.134,0.07,1.929,1721.825,18.12,0.174,3.8414,0.0,0.0,21.548,Coasting,3.0,20.0,30.47902250289917,,,,,
28.134,0.072,1.992,1722.033,18.12,0.204,3.9218,0.0,0.0,21.548,Coasting,3.0,20.0,30.583552360534668,,,,,
28.141,0.065,1.823,1722.248,18.0,0.563,3.9793,0.0,0.0,21.548,Coasting,3.0,20.0,30.68748140335083,,,,,
28.141,0.067,2.076,1722.455,18.0,0.324,3.8529,0.0,0.0,21.548,Coasting,3.0,20.0,30.793089389801025,,,,,
,,,,,,,,,,,,,30.85517907142639,30851.0,13.034832,13.866786,5.056,77.9
28.141,0.06,1.676,1722.662,18.0,0.174,3.8816,0.0,0.0,21.548,Coasting,3.0,20.0,30.92630434036255,,,,,
28.144,0.065,1.824,1722.877,18.0,0.863,4.1403,0.0,0.0,21.548,Coasting,3.0,20.0,31.023761987686157,,,,,
28.144,0.077,2.161,1723.085,18.0,0.174,3.8529,0.0,0.0,21.548,Coasting,3.0,20.0,31.108762979507446,,,,,
28.147,0.067,1.866,1723.3,18.0,0.114,3.9104,0.0,0.0,21.548,Coasting,3.0,20.0,31.214979887008667,,,,,
28.144,0.07,1.95,1723.507,18.0,0.593,4.3242,0.0,0.0,21.548,Coasting,3.0,20.0,31.329023838043213,,,,,
28.147,0.072,2.056,1723.715,18.0,0.114,3.8529,0.0,0.0,21.548,Coasting,3.0,20.0,31.42939257621765,,,,,
28.147,0.074,2.119,1723.93,18.0,0.144,3.8529,0.0,0.0,21.548,Coasting,3.0,20.0,31.531036138534546,,,,,
28.147,0.077,2.161,1724.137,18.0,0.414,4.0023,0.0,0.0,21.548,Coasting,3.0,20.0,31.63993000984192,,,,,
28.15,0.07,1.866,1724.352,18.0,0.144,3.8759,0.0,0.0,21.548,Coasting,3.0,20.0,31.746460914611816,,,,,
,,,,,,,,,,,,,31.791199684143066,31789.0,9.077955999999999,9.657399999999999,5.015,53.81
28.15,0.07,1.93,0.077,18.0,0.204,3.8644,0.0,0.0,21.548,Accelerating,4.0,20.0,31.909695148468018,,,,,
28.15,0.163,4.615,0.323,18.0,1.133,5.4508,4.0,100.0,21.548,Accelerating,4.0,20.0,31.977703332901,,,,,
28.134,0.61,17.136,1.459,18.0,4.61,5.1404,14.0,100.0,21.548,Accelerating,4.0,20.0,32.0713005065918,,,,,
28.009,4.075,104.45,5.376,18.12,7.024,17.1593,25.0,100.0,9.185,Accelerating,4.0,20.0,32.17073178291321,,,,,
27.959,4.435,124.023,17.142,18.12,7.728,17.5445,35.0,100.0,9.185,Accelerating,4.0,20.0,32.27937436103821,,,,,
27.941,4.819,134.72,30.49,18.12,9.002,18.0503,46.0,100.0,9.185,Accelerating,4.0,20.0,32.38603734970093,,,,,
27.937,4.901,136.899,45.082,18.12,10.126,18.717,57.0,100.0,9.185,Accelerating,4.0,20.0,32.4910249710083,,,,,
27.894,6.079,169.56,61.463,18.25,12.674,18.6251,67.0,100.0,9.185,Accelerating,4.0,20.0,32.599098443984985,,,,,
27.862,6.396,190.67,79.972,18.25,10.711,18.0158,78.0,100.0,9.185,Accelerating,4.0,20.0,32.696635246276855,,,,,
,,,,,,,,,,,,,32.733500242233276,32727.0,5.100702,5.425864,4.952,29.85
27.872,6.23,173.654,99.226,18.25,10.051,18.0388,88.0,100.0,9.185,Accelerating,4.0,20.0,32.834571838378906,,,,,
27.822,7.591,211.204,120.745,18.37,16.452,19.0044,99.0,100.0,9.185,Accelerating,4.0,20.0,32.9250373840332,,,,,
27.788,8.621,239.535,143.393,18.37,14.608,18.5446,100.0,100.0,9.185,Accelerating,4.0,20.0,33.0185170173645,,,,,
27.794,7.601,223.523,167.9,18.37,16.227,17.7111,100.0,100.0,9.185,Accelerating,4.0,20.0,33.12274360656738,,,,,
27.791,8.09,224.834,192.714,18.5,13.844,17.3605,100.0,100.0,9.185,Accelerating,4.0,20.0,33.22778606414795,,,,,
27.728,10.241,283.826,219.94,18.62,15.732,18.1307,100.0,100.0,9.185,Accelerating,4.0,20.0,33.33740472793579,,,,,
27.728,9.787,271.362,247.419,18.62,16.946,15.9925,100.0,100.0,9.185,Accelerating,4.0,20.0,33.443740367889404,,,,,
27.756,9.199,255.137,276.488,18.75,17.891,17.0386,100.0,100.0,9.185,Accelerating,4.0,20.0,33.55170750617981,,,,,
27.681,10.992,304.243,305.418,18.75,18.37,17.6364,100.0,100.0,9.185,Accelerating,4.0,20.0,33.64921450614929,,,,,
,,,,,,,,,,,,,33.67447805404663,33665.0,3.400468,3.6175379999999997,5.01,20.14
27.659,11.158,308.663,336.607,18.87,20.439,16.8547,100.0,100.0,9.185,Accelerating,4.0,20.0,33.76735067367554,,,,,
27.697,10.085,279.272,368.195,18.87,20.409,18.0848,100.0,100.0,9.185,Accelerating,4.0,20.0,33.86711025238037,,,,,
27.653,11.023,304.803,399.529,18.87,19.3,17.556,100.0,100.0,9.185,Accelerating,4.0,20.0,33.97031784057617,,,,,
27.616,11.839,351.474,432.653,19.0,18.52,16.2569,100.0,100.0,9.185,Accelerating,4.0,20.0,34.07961368560791,,,,,
27.663,10.649,294.541,464.832,19.0,21.893,16.9812,100.0,100.0,9.891,Accelerating,4.0,20.0,34.1789767742157,,,,,
27.663,11.107,307.074,497.718,19.0,20.034,16.2914,100.0,100.0,9.891,Accelerating,4.0,20.0,34.28942084312439,,,,,
27.616,12.326,340.289,531.602,19.0,21.968,17.5445,100.0,100.0,9.891,Accelerating,4.0,20.0,34.39187979698181,,,,,
27.625,11.064,305.951,564.134,19.12,23.796,16.4064,100.0,100.0,9.891,Accelerating,4.0,20.0,34.50389385223389,,,,,
27.666,11.009,292.267,597.489,19.12,23.586,17.5215,100.0,100.0,9.891,Accelerating,4.0,20.0,34.60861802101135,,,,,
,,,,,,,,,,,,,34.60869574546814,34603.0,8.217649999999999,8.742162,5.059,49.14
27.609,11.933,329.44,630.39,19.12,22.627,16.9007,100.0,100.0,9.891,Accelerating,4.0,20.0,34.71776342391968,,,,,
27.628,11.4,314.925,664.005,19.12,24.875,15.3717,100.0,100.0,9.891,Accelerating,4.0,20.0,34.82434320449829,,,,,
27.653,10.802,298.564,696.745,19.12,22.087,14.3371,100.0,100.0,9.891,Accelerating,4.0,20.0,34.92866063117981,,,,,
27.612,12.451,328.515,730.122,19.12,23.886,16.8202,100.0,100.0,9.891,Accelerating,4.0,20.0,35.03294777870178,,,,,
27.622,11.407,315.087,761.94,19.12,22.417,14.7395,100.0,100.0,9.891,Accelerating,4.0,20.0,35.140650033950806,,,,,
27.622,10.846,299.59,793.797,19.12,20.499,13.314,100.0,100.0,9.891,Accelerating,4.0,20.0,35.241217851638794,,,,,
27.628,10.874,300.424,825.907,19.12,24.621,17.6594,100.0,100.0,9.891,Accelerating,4.0,20.0,35.355663776397705,,,,,
27.622,11.34,313.099,859.031,19.12,25.16,16.5098,100.0,100.0,9.891,Accelerating,4.0,20.0,35.45278739929199,,,,,
,,,,,,,,,,,,,35.54646825790405,35541.0,11.901638,12.66094,5.102,71.77
27.6,11.27,307.799,891.702,19.12,20.708,12.4173,100.0,100.0,9.891,Accelerating,4.0,20.0,35.57916879653931,,,,,
27.594,11.45,316.116,924.434,19.12,25.025,17.7686,100.0,100.0,9.891,Accelerating,4.0,20.0,35.69147539138794,,,,,
27.575,12.05,332.277,959.869,19.25,21.173,13.1415,100.0,100.0,9.891,Accelerating,4.0,20.0,35.77162551879883,,,,,
27.572,11.923,328.766,994.237,19.25,26.659,16.4638,100.0,100.0,9.891,Accelerating,4.0,20.0,35.88594126701355,,,,,
27.575,12.59,346.896,1030.548,19.25,22.207,5.4221,100.0,100.0,9.891,Accelerating,4.0,20.0,35.98300790786743,,,,,
27.75,11.256,310.612,1069.701,19.37,26.959,17.0616,100.0,100.0,9.891,Accelerating,4.0,20.0,36.09904193878174,,,,,
27.544,13.291,366.112,1109.691,19.37,27.618,17.9066,100.0,100.0,20.489,Accelerating,4.0,20.0,36.197591066360474,,,,,
27.509,13.486,370.95,1148.483,19.5,27.708,16.4294,100.0,100.0,20.489,Accelerating,4.0,20.0,36.31022381782532,,,,,
27.513,12.998,357.624,1190.147,19.5,27.603,15.7396,100.0,100.0,20.489,Accelerating,4.0,20.0,36.41797232627869,,,,,
,,,,,,,,,,,,,36.48739051818848,36479.0,15.869146,16.881843999999997,5.126,96.14
27.594,11.546,306.753,1229.015,19.5,28.683,14.2336,100.0,100.0,20.489,Accelerating,4.0,20.0,36.54452347755432,,,,,
27.619,10.373,286.518,1263.068,19.5,27.783,13.268,100.0,100.0,20.489,Accelerating,4.0,20.0,36.62458920478821,,,,,
27.653,9.826,271.631,1295.585,19.37,27.828,12.7737,100.0,100.0,20.489,Accelerating,4.0,20.0,36.72933769226074,,,,,
27.678,9.142,252.983,1325.284,19.25,28.398,12.7392,100.0,100.0,20.489,Accelerating,4.0,20.0,36.84237766265869,,,,,
27.675,9.629,266.222,1353.884,19.25,27.903,12.0782,100.0,100.0,20.489,Accelerating,4.0,20.0,36.93892049789429,,,,,
27.681,9.29,248.305,1380.941,19.12,27.693,11.5436,100.0,100.0,20.489,Accelerating,4.0,20.0,37.049662590026855,,,,,
27.672,9.593,265.429,1407.99,19.12,28.143,11.2217,100.0,100.0,20.489,Accelerating,4.0,20.0,37.155227184295654,,,,,
27.678,8.724,241.471,1433.948,19.12,27.933,12.584,100.0,100.0,20.489,Accelerating,4.0,20.0,37.26181387901306,,,,,
27.7,8.515,235.88,1458.493,19.0,27.753,11.1642,100.0,100.0,20.489,Accelerating,4.0,20.0,37.36393690109253,,,,,
,,,,,,,,,,,,,37.42319655418396,37417.0,18.135534,19.293536,5.15,110.4
27.681,9.881,273.323,1484.867,19.0,27.903,11.4976,100.0,100.0,20.489,Accelerating,4.0,20.0,37.484819412231445,,,,,
27.691,8.786,243.372,1510.495,19.0,28.173,11.4172,100.0,100.0,20.489,Accelerating,4.0,20.0,37.57746958732605,,,,,
27.681,8.885,245.886,1536.238,19.0,28.278,11.9632,100.0,100.0,20.489,Accelerating,4.0,20.0,37.68945360183716,,,,,
27.891,10.315,135.773,1561.482,19.0,27.843,11.831,100.0,100.0,20.489,Accelerating,4.0,20.0,37.79735469818115,,,,,
27.663,10.133,280.335,1585.981,19.0,28.473,11.5896,100.0,100.0,20.489,Accelerating,4.0,20.0,37.901469469070435,,,,,
27.678,8.479,234.802,1611.456,19.0,27.708,10.1871,100.0,100.0,20.489,Accelerating,4.0,20.0,38.00434923171997,,,,,
27.722,8.429,233.583,1637.222,18.87,27.888,10.4285,100.0,100.0,20.489,Accelerating,4.0,20.0,38.11424422264099,,,,,
27.691,8.906,246.622,1661.768,18.87,28.458,11.3424,100.0,100.0,26.847,Accelerating,4.0,20.0,38.21755027770996,,,,,
27.691,8.21,227.408,1686.605,18.87,27.873,11.0148,100.0,100.0,26.847,Accelerating,4.0,20.0,38.32168936729431,,,,,
,,,,,,,,,,,,,38.36702537536621,38355.0,19.531869999999998,20.778472,5.155,119.0
27.872,3.922,109.317,1709.622,18.87,25.52,5.721,92.0,0.0,26.847,Coasting,4.0,20.0,38.43906092643738,,,,,
28.059,-0.038,1.107,1711.434,18.75,20.319,5.0714,70.0,0.0,26.847,Coasting,4.0,20.0,38.54014039039612,,,,,
28.05,0.206,5.764,1712.847,18.62,15.193,4.6576,50.0,0.0,26.847,Coasting,4.0,20.0,38.64213991165161,,,,,
28.047,0.662,18.549,1714.337,18.5,7.803,4.3127,28.0,0.0,26.847,Coasting,4.0,20.0,38.74797773361206,,,,,
28.069,0.091,2.526,1715.067,18.5,2.677,4.0483,6.0,0.0,26.847,Coasting,4.0,20.0,38.86158061027527,,,,,
28.075,0.077,2.151,1715.29,18.5,0.204,3.8299,0.0,0.0,26.847,Coasting,4.0,20.0,38.961729764938354,,,,,
28.075,0.077,2.088,1715.505,18.37,0.144,3.8989,0.0,0.0,26.847,Coasting,4.0,20.0,39.072617292404175,,,,,
28.078,0.077,2.173,1715.704,18.37,1.013,4.3299,0.0,0.0,26.847,Coasting,4.0,20.0,39.17303204536438,,,,,
28.078,0.065,1.819,1715.919,18.37,0.129,3.8529,0.0,0.0,26.847,Coasting,4.0,20.0,39.28260540962219,,,,,
,,,,,,,,,,,,,39.30831861495972,39293.0,19.553134,20.800622,5.15,119.02
28.081,0.067,1.861,1716.119,18.37,0.219,3.8529,0.0,0.0,26.847,Coasting,4.0,20.0,39.39267921447754,,,,,
28.084,0.067,1.904,1716.334,18.37,0.923,4.3357,0.0,0.0,26.847,Coasting,4.0,20.0,39.49242329597473,,,,,
28.087,0.072,2.026,1716.541,18.25,0.189,3.8586,0.0,0.0,26.847,Coasting,4.0,20.0,39.60445308685303,,,,,
28.087,0.058,1.63,1716.749,18.25,0.279,3.8874,0.0,0.0,26.847,Coasting,4.0,20.0,39.704859256744385,,,,,
28.087,0.062,1.757,1716.956,18.25,0.923,4.1403,0.0,0.0,26.847,Coasting,4.0,20.0,39.81964898109436,,,,,
28.091,0.07,1.946,1717.171,18.25,0.174,3.8874,0.0,0.0,26.847,Coasting,4.0,20.0,39.916868686676025,,,,,
28.094,0.067,2.052,1717.379,18.25,0.174,3.8644,0.0,0.0,26.847,Coasting,4.0,20.0,40.02450919151306,,,,,
28.094,0.062,1.757,1717.586,18.25,0.548,4.0368,0.0,0.0,26.847,Coasting,4.0,20.0,40.132383823394775,,,,,
28.094,0.065,1.799,1717.793,18.25,0.324,3.8874,0.0,0.0,22.961,Coasting,4.0,20.0,40.235018730163574,,,,,
,,,,,,,,,,,,,40.247127056121826,40231.0,16.718819999999997,17.78645,5.121,101.19
28.097,0.074,2.111,1717.993,18.25,0.189,3.8701,0.0,0.0,22.961,Coasting,4.0,20.0,40.353718757629395,,,,,
28.097,0.077,2.154,1718.2,18.25,0.414,3.8989,0.0,0.0,22.961,Coasting,4.0,20.0,40.451699018478394,,,,,
28.1,0.072,1.926,1718.415,18.25,0.773,3.9793,0.0,0.0,22.961,Coasting,4.0,20.0,40.55453610420227,,,,,
28.1,0.079,2.217,1718.623,18.25,0.279,3.8529,0.0,0.0,22.961,Coasting,4.0,20.0,40.667298316955566,,,,,
28.103,0.072,2.053,1718.83,18.25,0.189,3.8529,0.0,0.0,22.961,Coasting,4.0,20.0,40.76657748222351,,,,,
28.103,0.077,2.133,1719.037,18.25,1.972,4.261,0.0,0.0,22.961,Coasting,4.0,20.0,40.87248730659485,,,,,
28.103,0.072,2.011,1719.252,18.25,0.099,3.8644,0.0,0.0,22.961,Coasting,4.0,20.0,40.98307418823242,,,,,
28.106,0.072,2.032,1719.468,18.25,0.189,3.8759,0.0,0.0,22.961,Coasting,4.0,20.0,41.086395263671875,,,,,
,,,,,,,,,,,,,41.18273568153381,41169.0,13.034832,13.866786,5.078,78.24
28.109,0.072,1.99,1719.675,18.12,0.833,4.1518,0.0,0.0,22.961,Coasting,4.0,20.0,41.21174716949463,,,,,
28.106,0.07,1.926,1719.882,18.25,0.039,3.8414,0.0,0.0,22.961,Coasting,4.0,20.0,41.32287263870239,,,,,
28.109,0.074,2.074,1720.09,18.25,0.114,3.8414,0.0,0.0,22.961,Coasting,4.0,20.0,41.405492544174194,,,,,
28.109,0.055,2.112,1720.297,18.12,0.833,4.2897,0.0,0.0,22.961,Coasting,4.0,20.0,41.516560554504395,,,,,
28.112,0.06,1.695,1720.504,18.25,0.249,3.8816,0.0,0.0,22.961,Coasting,4.0,20.0,41.615598917007446,,,,,
28.116,0.074,2.075,1720.719,18.25,0.114,3.8586,0.0,0.0,22.961,Coasting,4.0,20.0,41.72623610496521,,,,,
28.116,0.067,1.864,1720.919,18.25,0.743,4.0311,0.0,0.0,22.961,Coasting,4.0,20.0,41.83627390861511,,,,,
28.116,0.074,2.096,1721.134,18.25,0.204,3.8759,0.0,0.0,22.961,Coasting,4.0,20.0,41.941445112228394,,,,,
28.119,0.074,2.117,1721.349,18.12,0.129,3.8644,0.0,0.0,22.961,Coasting,4.0,20.0,42.04060745239258,,,,,
,,,,,,,,,,,,,42.11298227310181,42107.0,9.068209999999999,9.646768,5.03,53.91
28.119,0.062,1.969,0.031,18.25,0.339,3.9793,0.0,0.0,22.961,Accelerating,5.0,20.0,42.238789081573486,,,,,
28.119,0.074,2.096,0.246,18.25,0.294,4.1173,1.0,100.0,10.951,Accelerating,5.0,20.0,42.31146049499512,,,,,
28.1,0.535,15.04,1.052,18.25,3.037,4.807,11.0,100.0,10.951,Accelerating,5.0,20.0,42.38023257255554,,,,,
28.081,1.034,29.078,3.31,18.25,6.829,6.4279,22.0,100.0,10.951,Accelerating,5.0,20.0,42.47227191925049,,,,,
27.972,3.881,108.541,12.58,18.25,7.009,17.6709,33.0,100.0,10.951,Accelerating,5.0,20.0,42.58186388015747,,,,,
27.931,4.541,126.795,25.221,18.25,8.747,18.2687,43.0,100.0,10.951,Accelerating,5.0,20.0,42.68529391288757,,,,,
27.9,4.757,132.75,39.237,18.25,8.822,18.1997,54.0,100.0,10.951,Accelerating,5.0,20.0,42.79062271118164,,,,,
27.913,4.67,130.364,54.49,18.37,9.767,18.694,64.0,100.0,10.951,Accelerating,5.0,20.0,42.89965629577637,,,,,
27.888,5.011,139.738,70.687,18.37,12.644,18.0273,75.0,100.0,10.951,Accelerating,5.0,20.0,42.996604681015015,,,,,
,,,,,,,,,,,,,43.05908727645874,43045.0,5.100702,5.42675,4.976,30.0
27.841,6.686,184.645,89.142,18.37,10.726,18.3952,85.0,100.0,10.951,Accelerating,5.0,20.0,43.119609117507935,,,,,
27.809,7.013,195.014,108.595,18.5,14.953,17.3548,96.0,100.0,10.951,Accelerating,5.0,20.0,43.215004205703735,,,,,
27.812,6.986,194.309,130.099,18.5,11.625,17.4755,100.0,100.0,10.951,Accelerating,5.0,20.0,43.320303440093994,,,,,
27.759,8.971,248.965,153.539,18.62,14.173,18.5274,100.0,100.0,10.951,Accelerating,5.0,20.0,43.42435574531555,,,,,
27.753,7.865,244.239,178.33,18.62,16.332,16.5558,100.0,100.0,10.951,Accelerating,5.0,20.0,43.538631439208984,,,,,
27.759,8.088,224.505,203.29,18.62,17.366,16.8892,100.0,100.0,10.951,Accelerating,5.0,20.0,43.63720774650574,,,,,
27.719,10.022,277.582,230.538,18.75,19.09,17.0042,100.0,100.0,10.951,Accelerating,5.0,20.0,43.75053572654724,,,,,
27.672,9.499,263.168,259.062,18.75,17.321,17.8548,100.0,100.0,10.951,Accelerating,5.0,20.0,43.85642457008362,,,,,
27.712,9.295,248.517,288.568,18.87,16.632,17.2571,100.0,100.0,10.951,Accelerating,5.0,20.0,43.95891976356506,,,,,
,,,,,,,,,,,,,44.00483751296997,43983.0,3.4040120000000003,3.621082,5.021,20.2
27.628,11.59,320.234,318.136,18.87,15.762,16.8777,100.0,100.0,10.951,Accelerating,5.0,20.0,44.11213684082031,,,,,
27.628,10.994,303.964,349.54,19.0,17.441,16.0615,100.0,100.0,7.772,Accelerating,5.0,20.0,44.20726466178894,,,,,
27.666,10.289,284.556,381.489,19.0,18.49,16.7627,100.0,100.0,7.772,Accelerating,5.0,20.0,44.292641162872314,,,,,
27.612,12.139,335.066,413.983,19.12,17.891,17.1651,100.0,100.0,7.772,Accelerating,5.0,20.0,44.38862180709839,,,,,
27.609,9.739,269.246,446.661,19.12,21.788,17.2915,100.0,100.0,7.772,Accelerating,5.0,20.0,44.489447832107544,,,,,
27.647,9.994,276.316,478.871,19.12,19.629,15.5442,100.0,100.0,7.772,Accelerating,5.0,20.0,44.60017728805542,,,,,
27.597,12.857,354.508,512.187,19.12,21.398,16.7627,100.0,100.0,7.772,Accelerating,5.0,20.0,44.70823121070862,,,,,
27.594,11.978,330.525,544.896,19.25,21.458,16.8317,100.0,100.0,7.772,Accelerating,5.0,20.0,44.81112051010132,,,,,
27.644,10.046,277.725,578.358,19.12,22.417,17.372,100.0,100.0,7.772,Accelerating,5.0,20.0,44.92045760154724,,,,,
,,,,,,,,,,,,,44.934146881103516,44921.0,7.084455999999999,7.536316,5.08,42.53
27.6,12.228,337.182,611.85,19.25,22.927,16.7283,100.0,100.0,7.772,Accelerating,5.0,20.0,45.05275797843933,,,,,
27.581,11.126,331.772,644.859,19.25,23.137,17.1191,100.0,100.0,7.772,Accelerating,5.0,20.0,45.151506662368774,,,,,
27.616,10.668,288.294,678.228,19.25,19.03,13.9692,100.0,100.0,7.772,Accelerating,5.0,20.0,45.23493790626526,,,,,
27.581,11.755,324.215,711.191,19.25,24.111,13.9003,100.0,100.0,7.772,Accelerating,5.0,20.0,45.347991704940796,,,,,
27.591,11.275,311.079,742.963,19.25,24.815,16.5443,100.0,100.0,7.772,Accelerating,5.0,20.0,45.44676756858826,,,,,
27.616,10.541,291.084,775.872,19.25,23.392,15.7511,100.0,100.0,7.772,Accelerating,5.0,20.0,45.55491352081299,,,,,
27.6,11.364,313.671,807.721,19.25,21.068,13.3255,100.0,100.0,7.772,Accelerating,5.0,20.0,45.659268856048584,,,,,
27.575,11.177,308.297,840.307,19.25,25.28,16.4868,100.0,100.0,7.772,Accelerating,5.0,20.0,45.77056312561035,,,,,
,,,,,,,,,,,,,45.86357021331787,45858.0,11.901638,12.661826,5.119,72.01
27.597,10.778,297.505,873.4,19.25,24.426,17.2456,100.0,100.0,7.772,Accelerating,5.0,20.0,45.904393434524536,,,,,
27.572,11.561,325.622,907.123,19.25,21.773,14.0497,100.0,100.0,7.772,Accelerating,5.0,20.0,45.99797797203064,,,,,
27.575,11.395,319.708,941.476,19.37,23.586,8.3363,100.0,100.0,7.772,Accelerating,5.0,20.0,46.09831094741821,,,,,
27.575,12.161,335.362,977.042,19.37,23.197,15.0039,100.0,100.0,19.076,Accelerating,5.0,20.0,46.191991567611694,,,,,
27.509,13.046,358.862,1011.848,19.37,22.267,12.1644,100.0,100.0,19.076,Accelerating,5.0,20.0,46.302375078201294,,,,,
27.484,13.502,371.103,1049.326,19.5,27.693,18.1307,100.0,100.0,19.076,Accelerating,5.0,20.0,46.41144299507141,,,,,
27.428,13.646,416.316,1089.4,19.5,27.304,17.0846,100.0,100.0,19.076,Accelerating,5.0,20.0,46.51209354400635,,,,,
27.447,14.503,398.105,1130.304,19.62,26.764,17.0961,100.0,100.0,19.076,Accelerating,5.0,20.0,46.618979930877686,,,,,
27.416,13.716,376.008,1169.856,19.62,27.903,17.6709,100.0,100.0,19.076,Accelerating,5.0,20.0,46.731019735336304,,,,,
,,,,,,,,,,,,,46.80150079727173,46796.0,15.302106,16.278478,5.148,93.1
27.481,13.325,366.189,1208.893,19.62,27.678,15.8833,100.0,100.0,19.076,Accelerating,5.0,20.0,46.86683130264282,,,,,
27.528,12.084,332.659,1245.458,19.62,27.648,14.1302,100.0,100.0,19.076,Accelerating,5.0,20.0,46.95283651351929,,,,,
27.572,11.035,304.227,1277.829,19.5,27.858,12.9576,100.0,100.0,19.076,Accelerating,5.0,20.0,47.049302101135254,,,,,
27.603,11.263,310.758,1308.111,19.5,27.903,12.4633,100.0,100.0,19.076,Accelerating,5.0,20.0,47.149152994155884,,,,,
27.616,10.193,281.503,1335.867,19.37,27.723,11.8253,100.0,100.0,19.076,Accelerating,5.0,20.0,47.262696266174316,,,,,
27.616,9.367,258.885,1363.776,19.37,27.963,11.5781,100.0,100.0,19.076,Accelerating,5.0,20.0,47.36391735076904,,,,,
27.609,10.19,281.376,1391.148,19.25,28.038,13.8658,100.0,100.0,19.076,Accelerating,5.0,20.0,47.47151732444763,,,,,
27.644,9.151,253.0,1418.419,19.25,27.753,11.5034,100.0,100.0,19.076,Accelerating,5.0,20.0,47.580575466156006,,,,,
27.638,9.874,272.862,1444.04,19.12,27.918,11.5896,100.0,100.0,19.076,Accelerating,5.0,20.0,47.6809561252594,,,,,
,,,,,,,,,,,,,47.75298619270325,47734.0,18.135534,19.293536,5.173,110.88
27.644,8.762,242.884,1470.121,19.12,28.173,12.5782,100.0,100.0,19.076,Accelerating,5.0,20.0,47.80464291572571,,,,,
27.653,9.71,268.426,1495.619,19.12,27.783,11.5436,100.0,100.0,19.076,Accelerating,5.0,20.0,47.90002489089966,,,,,
27.687,8.573,237.372,1521.155,19.12,27.873,10.6009,100.0,100.0,19.076,Accelerating,5.0,20.0,48.0005042552948,,,,,
27.666,8.822,244.041,1545.838,19.12,28.128,11.5206,100.0,100.0,19.076,Accelerating,5.0,20.0,48.11218500137329,,,,,
27.691,7.98,220.971,1571.712,19.12,27.873,10.5435,100.0,100.0,26.494,Accelerating,5.0,20.0,48.214991092681885,,,,,
27.675,8.981,237.727,1597.448,19.12,27.903,11.7046,100.0,100.0,26.494,Accelerating,5.0,20.0,48.3264844417572,,,,,
27.684,8.21,227.222,1622.3,19.12,28.578,10.8769,100.0,100.0,26.494,Accelerating,5.0,20.0,48.425973892211914,,,,,
27.681,8.359,231.396,1646.554,19.0,27.813,11.5206,100.0,100.0,26.494,Accelerating,5.0,20.0,48.53056764602661,,,,,
27.681,8.366,231.554,1671.475,19.0,27.813,11.4631,100.0,100.0,26.494,Accelerating,5.0,20.0,48.64003014564514,,,,,
,,,,,,,,,,,,,48.69857120513916,48672.0,19.835767999999998,21.101861999999997,5.181,121.48
27.791,6.108,142.993,1695.59,19.0,27.513,8.7903,96.0,0.0,26.494,Coasting,5.0,20.0,48.77090764045715,,,,,
28.016,1.01,28.31,1699.238,18.87,21.008,4.3012,74.0,0.0,26.494,Coasting,5.0,20.0,48.871488094329834,,,,,
28.025,0.578,16.222,1700.452,18.75,15.942,4.6461,52.0,0.0,26.494,Coasting,5.0,20.0,48.96008062362671,,,,,
28.031,0.48,13.437,1702.019,18.75,8.927,4.7381,32.0,0.0,26.494,Coasting,5.0,20.0,49.06670117378235,,,,,
28.041,0.223,6.24,1702.932,18.62,3.187,4.1633,10.0,0.0,26.494,Coasting,5.0,20.0,49.166905879974365,,,,,
28.047,0.067,2.065,1703.194,18.62,0.144,3.8471,0.0,0.0,26.494,Coasting,5.0,20.0,49.279768228530884,,,,,
28.047,0.077,2.129,1703.401,18.62,0.189,3.8759,0.0,0.0,26.494,Coasting,5.0,20.0,49.38232946395874,,,,,
28.05,0.072,2.024,1703.616,18.5,0.878,4.0483,0.0,0.0,26.494,Coasting,5.0,20.0,49.48886847496033,,,,,
28.053,0.062,1.776,1703.823,18.5,0.204,3.8529,0.0,0.0,26.494,Coasting,5.0,20.0,49.59219765663147,,,,,
,,,,,,,,,,,,,49.62620830535889,49610.0,19.835767999999998,21.101861999999997,5.176,121.35
28.053,0.062,1.754,1704.031,18.5,0.174,3.8644,0.0,0.0,26.494,Coasting,5.0,20.0,49.72724199295044,,,,,
28.056,0.062,1.754,1704.238,18.5,0.863,4.1345,0.0,0.0,26.494,Coasting,5.0,20.0,49.81785869598389,,,,,
28.059,0.07,1.94,1704.453,18.37,0.234,3.8644,0.0,0.0,26.494,Coasting,5.0,20.0,49.91813945770264,,,,,
28.059,0.072,2.045,1704.668,18.37,0.174,3.8644,0.0,0.0,26.494,Coasting,5.0,20.0,50.02069306373596,,,,,
28.062,0.067,1.86,1704.868,18.37,1.103,4.2437,0.0,0.0,26.494,Coasting,5.0,20.0,50.122681856155396,,,,,
28.066,0.065,1.818,1705.075,18.37,0.174,3.8414,0.0,0.0,24.374,Coasting,5.0,20.0,50.229958295822144,,,,,
28.062,0.07,1.982,1705.283,18.37,0.354,3.8701,0.0,0.0,24.374,Coasting,5.0,20.0,50.33766508102417,,,,,
28.066,0.079,2.193,1705.482,18.37,0.983,4.192,0.0,0.0,24.374,Coasting,5.0,20.0,50.442028522491455,,,,,
28.069,0.07,1.903,1705.69,18.37,0.174,3.8701,0.0,0.0,24.374,Coasting,5.0,20.0,50.54857134819031,,,,,
,,,,,,,,,,,,,50.562340259552,50548.0,17.28586,18.388930000000002,5.144,105.1
28.069,0.07,1.924,1705.889,18.37,0.174,3.8471,0.0,0.0,24.374,Coasting,5.0,20.0,50.67552876472473,,,,,
28.075,0.07,1.962,1706.104,18.37,0.264,3.9104,0.0,0.0,24.374,Coasting,5.0,20.0,50.774728298187256,,,,,
28.072,0.072,2.046,1706.304,18.37,0.668,4.0138,0.0,0.0,24.374,Coasting,5.0,20.0,50.87913227081299,,,,,
28.072,0.07,1.962,1706.519,18.37,0.084,3.8759,0.0,0.0,24.374,Coasting,5.0,20.0,50.97878885269165,,,,,
28.078,0.082,1.672,1706.734,18.37,0.144,3.8874,0.0,0.0,24.374,Coasting,5.0,20.0,51.07660984992981,,,,,
28.078,0.07,1.962,1706.934,18.37,0.758,4.1977,0.0,0.0,24.374,Coasting,5.0,20.0,51.18270802497864,,,,,
28.078,0.07,1.924,1707.149,18.37,0.114,3.8759,0.0,0.0,24.374,Coasting,5.0,20.0,51.294185638427734,,,,,
28.081,0.062,1.777,1707.348,18.37,0.189,3.8299,0.0,0.0,24.374,Coasting,5.0,20.0,51.39488625526428,,,,,
28.081,0.07,1.963,1707.564,18.37,1.058,4.3012,0.0,0.0,24.374,Coasting,5.0,20.0,51.506492614746094,,,,,
,,,,,,,,,,,,,51.506587743759155,51486.0,13.034832,13.866786,5.108,78.7
28.081,0.067,1.861,1707.771,18.37,0.204,3.8759,0.0,0.0,24.374,Coasting,5.0,20.0,51.60966348648071,,,,,
28.084,0.07,1.984,1707.986,18.37,0.174,3.8874,0.0,0.0,24.374,Coasting,5.0,20.0,51.71477222442627,,,,,
28.084,0.07,1.946,1708.186,18.37,1.028,4.3127,0.0,0.0,24.374,Coasting,5.0,20.0,51.82551050186157,,,,,
28.087,0.074,2.089,1708.393,18.37,0.129,3.8759,0.0,0.0,24.374,Coasting,5.0,20.0,51.93171763420105,,,,,
28.087,0.067,2.005,1708.608,18.37,0.189,3.8644,0.0,0.0,24.374,Coasting,5.0,20.0,52.03313994407654,,,,,
28.087,0.067,1.904,1708.815,18.37,1.073,4.2552,0.0,0.0,24.374,Coasting,5.0,20.0,52.14452004432678,,,,,
28.091,0.07,1.968,1709.015,18.37,0.204,3.8644,0.0,0.0,13.07,Coasting,5.0,20.0,52.25361490249634,,,,,
28.091,0.077,2.153,1709.222,18.25,0.174,3.8816,0.0,0.0,13.07,Coasting,5.0,20.0,52.359679222106934,,,,,
,,,,,,,,,,,,,52.44301390647888,52424.0,8.78469,9.345528,5.05,52.43
