Host_Timestamp,Timestamp_ms,SetDutyCycle,InAveragingWindow,MeasuredDutyCycle,TargetDutyCycle,Voltage,Current,Power,Energy,Temperature,MotorCurrent
1772109231.088441,11653.0,0.0,False,0.0,0.0,28.425,-0.0072,0.2342,0.0077,22.12,0.2127
1772109231.3488944,11907.0,0.0,False,0.0,0.0,28.425,-0.0072,0.2342,0.0384,22.12,0.2248
1772109231.5972457,12161.0,0.0,False,0.0,0.0,28.425,0.0048,0.1066,0.0614,22.12,0.2248
1772109231.8542476,12417.0,0.0,False,0.0,0.0,28.425,0.0024,0.085,0.0845,22.12,0.224
1772109232.1097782,12671.0,0.0,False,0.0,0.0,28.425,-0.0048,0.1066,0.1075,22.12,0.2264
1772109232.3684413,12925.0,0.0,False,0.0,0.0,28.425,0.0,0.0211,0.1229,22.12,0.2232
1772109232.6201854,13179.0,0.0,False,0.0,0.0,28.425,0.0024,0.0422,0.1459,22.12,0.2273
1772109232.8774738,13434.0,0.0,False,0.0,0.0,28.425,-0.0024,0.1277,0.169,22.12,0.2281
1772109233.1247013,13690.0,0.0,False,0.0,0.0,28.425,0.0024,0.0638,0.1997,22.12,0.2184
1772109233.383255,13944.0,0.0,False,0.0,0.0,28.425,-0.0048,0.1066,0.2227,22.12,0.2264
1772109233.6429956,14200.0,0.0,False,0.0,0.0,28.425,0.0024,0.0638,0.2458,22.12,0.2256
1772109233.8887937,14454.0,0.0,False,0.0,0.0,28.425,-0.0024,0.0422,0.2765,22.12,0.2264
1772109234.1509235,14709.0,0.0,True,0.0,0.0,28.425,-0.0048,0.1488,0.2995,22.12,0.2256
1772109234.3990238,14963.0,0.0,True,0.0,0.0,28.425,-0.0048,0.1066,0.3226,22.12,0.2264
1772109234.6590307,15217.0,0.0,True,0.0,0.0,28.425,-0.0072,0.1915,0.3379,22.12,0.2248
1772109234.914898,15471.0,0.0,True,0.0,0.0,28.425,0.0024,0.085,0.3686,22.12,0.2248
1772109235.1605024,15726.0,0.0,True,0.0,0.0,28.425,0.0,0.0,0.3917,22.12,0.2232
1772109235.417405,15981.0,0.0,True,0.0,0.0,28.425,0.0,0.0211,0.4224,22.12,0.2264
1772109235.6745698,16235.0,0.0,True,0.0,0.0,28.425,-0.0048,0.1066,0.4454,22.12,0.2256
1772109236.0179622,16490.0,1.0,False,0.0,0.0,28.425,-0.0048,0.1066,0.4685,22.12,0.2264
1772109236.189443,16746.0,1.0,False,1.0,1.0,28.425,0.024,0.5966,0.1382,22.12,0.3844
1772109236.438237,17000.0,1.0,False,1.0,1.0,28.4219,0.0288,0.8098,0.3226,22.12,0.3908
1772109236.688454,17254.0,1.0,False,1.0,1.0,28.425,0.024,0.6605,0.5069,22.12,0.3675
1772109236.9445775,17509.0,1.0,False,1.0,1.0,28.425,0.0312,0.8525,0.6989,22.12,0.3868
1772109237.2068748,17765.0,1.0,False,1.0,1.0,28.425,0.0264,0.767,0.8986,22.12,0.386
1772109237.460628,18020.0,1.0,False,1.0,1.0,28.425,0.0312,0.9163,1.0906,22.12,0.3852
1772109237.7147107,18276.0,1.0,False,1.0,1.0,28.4219,0.024,0.9163,1.2902,22.12,0.3868
1772109237.9677038,18531.0,1.0,False,1.0,1.0,28.425,0.0336,0.9379,1.4822,22.12,0.386
1772109238.2213504,18786.0,1.0,False,1.0,1.0,28.4219,0.0264,1.0445,1.6742,22.12,0.3892
1772109238.4758263,19040.0,1.0,False,1.0,1.0,28.425,0.0288,0.8098,1.8662,22.12,0.3892
1772109238.7281942,19294.0,1.0,False,1.0,1.0,28.4219,0.0312,0.8736,2.0582,22.12,0.3908
1772109238.989934,19548.0,1.0,True,1.0,1.0,28.425,0.0264,0.7459,2.2426,22.12,0.3908
1772109239.2415233,19804.0,1.0,True,1.0,1.0,28.4281,0.0264,0.7243,2.4422,22.12,0.3892
1772109239.4953847,20059.0,1.0,True,1.0,1.0,28.4219,0.0288,0.7886,2.6419,22.12,0.3892
1772109239.75099,20315.0,1.0,True,1.0,1.0,28.425,0.0216,0.6178,2.8339,22.12,0.386
1772109240.0141494,20571.0,1.0,True,1.0,1.0,28.4219,0.0264,0.7243,3.0259,22.12,0.4021
1772109240.2685027,20826.0,1.0,True,1.0,1.0,28.425,0.0216,0.767,3.2256,22.12,0.3892
1772109240.5221941,21080.0,1.0,True,1.0,1.0,28.4219,0.024,0.7032,3.4099,22.12,0.3844
1772109240.7754955,21334.0,1.0,True,1.0,1.0,28.4219,0.0264,0.7459,3.6019,22.12,0.3852
1772109241.0878563,21589.0,2.0,False,2.0,2.0,28.4219,0.0744,2.1739,3.8093,22.12,0.4674
1772109241.2835515,21844.0,2.0,False,2.0,2.0,28.4188,0.0816,2.2589,0.553,22.12,0.5826
1772109241.5329788,22098.0,2.0,False,2.0,2.0,28.4219,0.0912,2.579,1.1904,22.12,0.5794
1772109241.7949452,22353.0,2.0,False,2.0,2.0,28.4188,0.0864,2.4509,1.8202,22.12,0.5834
1772109242.0485573,22609.0,2.0,False,2.0,2.0,28.4188,0.0888,2.5363,2.473,22.12,0.5859
1772109242.299409,22865.0,2.0,False,2.0,2.0,28.4188,0.096,2.7494,3.1334,22.12,0.5867
1772109242.55443,23119.0,2.0,False,2.0,2.0,28.4156,0.0864,2.472,3.7786,22.12,0.5875
1772109242.818651,23375.0,2.0,False,2.0,2.0,28.4188,0.0888,2.5147,4.4314,22.12,0.5891
1772109243.0709715,23631.0,2.0,False,2.0,2.0,28.4188,0.0912,2.5786,5.0918,22.12,0.5891
1772109243.3304448,23886.0,2.0,False,2.0,2.0,28.4188,0.0984,2.7917,5.7446,22.12,0.5891
1772109243.575883,24141.0,2.0,False,2.0,2.0,28.4125,0.0912,2.6002,6.3974,22.12,0.5842
1772109243.8348703,24395.0,2.0,False,2.0,2.0,28.4156,0.0888,2.4936,7.0426,22.12,0.5778
1772109244.0919147,24649.0,2.0,True,2.0,2.0,28.4188,0.0816,2.3443,7.68,22.12,0.5746
1772109244.34708,24903.0,2.0,True,2.0,2.0,28.4188,0.0864,2.4293,8.3021,22.12,0.5746
1772109244.5958018,25159.0,2.0,True,2.0,2.0,28.4188,0.0792,2.2378,8.9395,22.12,0.577
1772109244.8546739,25413.0,2.0,True,2.0,2.0,28.4188,0.0912,2.5574,9.5693,22.12,0.5746
1772109245.1090505,25667.0,2.0,True,2.0,2.0,28.4188,0.0912,2.5574,10.2067,22.12,0.5762
1772109245.3592644,25921.0,2.0,True,2.0,2.0,28.4156,0.0888,2.5358,10.8365,22.12,0.5746
1772109245.6165724,26175.0,2.0,True,2.0,2.0,28.4188,0.0888,2.5363,11.4662,22.12,0.5778
1772109245.8659706,26429.0,2.0,True,2.0,2.0,28.4188,0.0888,2.5147,12.1037,22.12,0.577
1772109246.1288888,26683.0,3.0,False,3.0,3.0,0.0,0.156,4.4107,0.0077,22.12,0.6801
1772109246.3769135,26938.0,3.0,False,3.0,3.0,28.4125,0.168,4.7515,1.2288,22.12,0.7124
1772109246.6339946,27194.0,3.0,False,3.0,3.0,28.4125,0.1632,4.6666,2.4422,22.12,0.7116
1772109246.892612,27449.0,3.0,False,3.0,3.0,28.4125,0.1656,4.6238,3.671,22.12,0.7092
1772109247.1471834,27705.0,3.0,False,3.0,3.0,28.4094,0.1632,4.645,4.8691,22.12,0.7092
1772109247.394817,27960.0,3.0,False,3.0,3.0,28.4094,0.1632,4.645,6.0902,22.12,0.7116
1772109247.6571567,28215.0,3.0,False,3.0,3.0,28.4094,0.1608,4.5811,7.3037,22.12,0.7325
1772109247.9100065,28469.0,3.0,False,3.0,3.0,28.4094,0.1776,4.9858,8.5786,22.12,0.7535
1772109248.1700916,28725.0,3.0,False,3.0,3.0,28.4094,0.1848,5.2243,9.8611,22.12,0.7478
1772109248.4185286,28980.0,3.0,False,3.0,3.0,28.4094,0.1752,4.9901,11.136,22.12,0.7478
1772109248.6768854,29235.0,3.0,False,3.0,3.0,28.4094,0.1704,4.8408,12.4262,22.12,0.7478
1772109248.9345372,29491.0,3.0,False,3.0,3.0,28.4094,0.18,5.0962,13.6858,22.12,0.7478
1772109249.1826227,29747.0,3.0,True,3.0,3.0,28.4094,0.18,5.1346,14.9683,22.12,0.7551
1772109249.4406538,30003.0,3.0,True,3.0,3.0,28.4094,0.1824,5.1821,16.2432,22.12,0.7478
1772109249.7029197,30259.0,3.0,True,3.0,3.0,28.4125,0.1776,5.0328,17.5258,22.12,0.7478
1772109249.9514916,30513.0,3.0,True,3.0,3.0,28.4094,0.1752,4.969,18.793,22.12,0.7462
1772109250.2074587,30767.0,3.0,True,3.0,3.0,28.4094,0.18,5.1346,20.0602,22.12,0.747
1772109250.4562957,31021.0,3.0,True,3.0,3.0,28.4094,0.18,5.1389,21.3274,22.12,0.747
1772109250.714731,31277.0,3.0,True,3.0,3.0,28.4094,0.1656,4.7299,22.6022,22.12,0.7519
1772109250.971993,31531.0,3.0,True,3.0,3.0,28.4125,0.1704,4.8154,23.8694,22.12,0.7462
1772109251.231578,31787.0,4.0,False,4.0,4.0,28.4,0.2808,7.6296,0.3686,22.12,0.8695
1772109251.4820285,32042.0,4.0,False,4.0,4.0,28.4,0.2856,8.077,2.4269,22.12,0.9179
1772109251.7324088,32296.0,4.0,False,4.0,4.0,28.4031,0.288,8.2051,4.5005,22.12,0.9106
1772109251.988715,32550.0,4.0,False,4.0,4.0,28.4,0.2976,8.1619,6.6125,22.12,0.9147
1772109252.2460904,32804.0,4.0,False,4.0,4.0,28.4,0.2904,8.2253,8.7014,22.12,0.9147
1772109252.4938257,33059.0,4.0,False,4.0,4.0,28.4,0.2976,8.4389,10.7981,22.12,0.9211
1772109252.7538915,33313.0,4.0,False,4.0,4.0,28.4,0.2928,8.3112,12.8947,22.12,0.9211
1772109253.0017338,33567.0,4.0,False,4.0,4.0,28.4,0.2928,8.4173,15.0221,22.12,0.9219
1772109253.2567573,33821.0,4.0,False,4.0,4.0,28.3969,0.2928,8.3102,17.1264,22.12,0.9219
1772109253.5171223,34075.0,4.0,False,4.0,4.0,28.4,0.3,8.5238,19.223,22.12,0.9227
1772109253.7666526,34329.0,4.0,False,4.0,4.0,28.4,0.2952,8.3962,21.3274,22.12,0.9243
1772109254.022362,34583.0,4.0,False,4.0,4.0,28.4,0.3048,8.6731,23.4317,22.12,0.9243
1772109254.281451,34838.0,4.0,True,4.0,4.0,28.4,0.3024,8.6083,25.5744,22.12,0.9324
1772109254.5293567,35092.0,4.0,True,4.0,4.0,28.3969,0.2928,8.2891,27.6787,22.12,0.9243
1772109254.788915,35346.0,4.0,True,4.0,4.0,28.4,0.2856,8.077,29.783,22.12,0.9243
1772109255.034526,35600.0,4.0,True,4.0,4.0,28.4,0.2928,8.3323,31.9181,22.12,0.9243
1772109255.2916794,35855.0,4.0,True,4.0,4.0,28.3969,0.2952,8.3534,34.0147,22.12,0.9243
1772109255.5495355,36109.0,4.0,True,4.0,4.0,28.4,0.2928,8.2896,36.1267,22.12,0.9243
1772109255.7984998,36363.0,4.0,True,4.0,4.0,28.4,0.2856,8.0765,38.2234,22.12,0.9227
1772109256.0569065,36617.0,4.0,True,4.0,4.0,28.3969,0.2952,8.0976,40.3507,22.12,0.9235
1772109256.314077,36871.0,5.0,False,5.0,5.0,28.3844,0.4536,12.8669,0.7603,22.12,1.0992
1772109256.565448,37125.0,5.0,False,5.0,5.0,28.3844,0.4824,13.6747,4.1011,22.12,1.1701
1772109256.815299,37379.0,5.0,False,5.0,5.0,28.3844,0.48,13.6536,7.5494,22.12,1.1677
1772109257.0706332,37633.0,5.0,False,5.0,5.0,28.3813,0.48,13.3118,10.9363,22.12,1.1693
1772109257.3290238,37887.0,5.0,False,5.0,5.0,28.3813,0.4704,13.3762,14.3386,22.12,1.1693
1772109257.5812993,38142.0,5.0,False,5.0,5.0,28.3844,0.48,13.5898,17.7408,22.12,1.1693
1772109257.837009,38396.0,5.0,False,5.0,5.0,28.3844,0.48,13.5259,21.1814,22.12,1.1693
1772109258.0947118,38650.0,5.0,False,5.0,5.0,28.3813,0.4656,13.2053,24.576,22.12,1.1693
1772109258.3426533,38904.0,5.0,False,5.0,5.0,28.3844,0.4728,13.4189,27.9706,22.12,1.1693
1772109258.5999193,39158.0,5.0,False,5.0,5.0,28.3813,0.4704,13.3339,31.3651,22.12,1.1677
1772109258.8474016,39412.0,5.0,False,5.0,5.0,28.3813,0.4752,13.4611,34.7674,22.12,1.1693
1772109259.1033328,39668.0,5.0,False,5.0,5.0,28.3813,0.4632,13.163,38.2157,22.12,1.1709
1772109259.356031,39922.0,5.0,True,5.0,5.0,28.3813,0.4752,13.4822,41.6179,22.12,1.1709
1772109259.6150494,40176.0,5.0,True,5.0,5.0,28.3813,0.4728,13.7376,45.0586,22.12,1.1709
1772109259.8743987,40431.0,5.0,True,5.0,5.0,28.3813,0.468,13.2696,48.4531,22.12,1.1709
1772109260.1284363,40687.0,5.0,True,5.0,5.0,28.3844,0.4848,13.7381,51.9091,22.12,1.1725
1772109260.3780704,40942.0,5.0,True,5.0,5.0,28.3813,0.468,13.2907,55.319,22.12,1.1758
1772109260.6399083,41196.0,5.0,True,5.0,5.0,28.3813,0.48,13.4611,58.7827,22.12,1.1806
1772109260.8881495,41450.0,5.0,True,5.0,5.0,28.3813,0.4776,13.5662,62.208,22.12,1.1838
1772109261.1434455,41704.0,5.0,True,5.0,5.0,28.3781,0.4944,14.0568,65.6486,22.12,1.1814
1772109261.397753,41959.0,6.0,False,6.0,6.0,28.3687,0.6504,18.456,1.6742,22.12,1.349
1772109261.6577425,42213.0,6.0,False,6.0,6.0,28.3656,0.6744,19.1386,6.4435,22.12,1.3466
1772109261.9080179,42467.0,6.0,False,6.0,6.0,28.3656,0.672,19.0733,11.2435,22.12,1.3587
1772109262.1626053,42721.0,6.0,False,6.0,6.0,28.3625,0.6576,18.6677,16.128,22.12,1.3611
1772109262.4174623,42976.0,6.0,False,6.0,6.0,28.3656,0.6768,19.1794,20.9434,22.12,1.3595
1772109262.6654263,43230.0,6.0,False,6.0,6.0,28.3625,0.6744,19.0934,25.7664,22.12,1.3587
1772109262.92607,43484.0,6.0,False,6.0,6.0,28.3625,0.684,19.4131,30.5741,22.12,1.3587
1772109263.173224,43738.0,6.0,False,6.0,6.0,28.3625,0.6744,19.1779,35.4509,22.12,1.3587
1772109263.4318314,43992.0,6.0,False,6.0,6.0,28.3625,0.6624,18.7522,40.2586,22.12,1.3579
1772109263.6905708,44247.0,6.0,False,6.0,6.0,28.3625,0.6792,19.285,45.0662,22.12,1.3579
1772109263.9416804,44501.0,6.0,False,6.0,6.0,28.3625,0.6816,19.3493,49.9277,22.12,1.3579
1772109264.1969075,44755.0,6.0,False,6.0,6.0,28.3594,0.6888,18.7512,54.7277,22.12,1.3563
1772109264.4445133,45009.0,6.0,True,6.0,6.0,28.3625,0.6576,18.6461,59.52,22.12,1.3555
1772109264.7022638,45264.0,6.0,True,6.0,6.0,28.3625,0.6696,19.009,64.32,22.12,1.3611
1772109264.961591,45518.0,6.0,True,6.0,6.0,28.3594,0.6768,18.7517,69.1661,22.12,1.3514
1772109265.2111766,45773.0,6.0,True,6.0,6.0,28.3625,0.6792,19.2634,73.943,22.12,1.3522
1772109265.4715812,46027.0,6.0,True,6.0,6.0,28.3594,0.6912,19.5816,78.7277,22.12,1.3522
1772109265.72171,46282.0,6.0,True,6.0,6.0,28.3625,0.66,18.6878,83.5661,22.12,1.3506
1772109265.977533,46536.0,6.0,True,6.0,6.0,28.3625,0.6552,18.5621,88.343,22.12,1.3514
1772109266.2314544,46792.0,6.0,True,6.0,6.0,28.3594,0.6672,18.8995,93.1968,22.25,1.3514
1772109266.4830956,47047.0,7.0,False,7.0,7.0,28.35,0.804,23.7418,2.5421,22.12,1.4159
1772109266.7466931,47303.0,7.0,False,7.0,7.0,28.35,0.792,22.4702,8.1254,22.12,1.3764
1772109266.9995525,47559.0,7.0,False,7.0,7.0,28.3531,0.72,20.4278,13.5782,22.12,1.2579
1772109267.2508287,47815.0,7.0,False,7.0,7.0,28.3531,0.7416,21.001,18.7085,22.12,1.2515
1772109267.5144591,48071.0,7.0,False,7.0,7.0,28.3531,0.7392,20.9362,24.0768,22.25,1.2837
1772109267.7673218,48327.0,7.0,False,7.0,7.0,28.3563,0.7272,20.6386,29.4221,22.12,1.2757
1772109268.0181212,48583.0,7.0,False,7.0,7.0,28.35,0.7464,22.3598,34.729,22.12,1.2837
1772109268.2809763,48838.0,7.0,False,7.0,7.0,28.3594,0.6984,19.7717,39.9667,22.25,1.2563
1772109268.5326798,49094.0,7.0,False,7.0,7.0,28.3563,0.7008,19.8758,45.143,22.12,1.2531
1772109268.7858443,49351.0,7.0,False,7.0,7.0,28.35,0.7584,21.5083,50.4883,22.12,1.2805
1772109269.0482278,49606.0,7.0,False,7.0,7.0,28.3563,0.708,19.8341,55.5955,22.12,1.2048
1772109269.3037505,49862.0,7.0,False,7.0,7.0,28.3563,0.7056,20.0242,60.6029,22.12,1.2426
1772109269.553143,50117.0,7.0,True,7.0,7.0,28.3563,0.708,20.0875,65.495,22.12,1.1653
1772109269.8120558,50371.0,7.0,True,7.0,7.0,28.3594,0.6744,19.1285,70.3718,22.25,1.1975
1772109270.067004,50625.0,7.0,True,7.0,7.0,28.3563,0.7056,19.9814,75.1872,22.12,1.2168
1772109270.3139043,50879.0,7.0,True,7.0,7.0,28.3594,0.648,18.3677,80.1638,22.12,1.1564
1772109270.570498,51133.0,7.0,True,7.0,7.0,28.3563,0.696,18.8722,84.9408,22.12,1.1943
1772109270.827343,51387.0,7.0,True,7.0,7.0,28.3563,0.6696,18.983,89.7331,22.12,1.1669
1772109271.0865443,51642.0,7.0,True,7.0,7.0,28.3531,0.6984,19.8269,94.679,22.25,1.2209
1772109271.333105,51898.0,7.0,True,7.0,7.0,28.3563,0.6672,18.9149,99.7478,22.25,1.179
1772109271.593848,52152.0,8.0,False,8.0,8.0,28.3406,0.8904,25.2182,3.7555,22.25,1.2894
1772109271.8413515,52406.0,8.0,False,8.0,8.0,28.3406,0.8616,24.3974,9.6845,22.25,1.2821
1772109272.097196,52660.0,8.0,False,8.0,8.0,28.3438,0.8232,23.3112,15.6749,22.25,1.2588
1772109272.3558714,52914.0,8.0,False,8.0,8.0,28.35,0.7992,22.6349,21.5501,22.25,1.1927
1772109272.6041574,53168.0,8.0,False,8.0,8.0,28.3469,0.8136,23.2699,27.3869,22.25,1.2241
1772109272.8641248,53422.0,8.0,False,8.0,8.0,28.3438,0.8136,23.0568,33.2006,22.25,1.1943
1772109273.1104898,53676.0,8.0,False,8.0,8.0,28.35,0.7584,21.5064,38.9299,22.25,1.1725
1772109273.3702054,53930.0,8.0,False,8.0,8.0,28.3469,0.768,21.7402,44.6899,22.25,1.1814
1772109273.627379,54185.0,8.0,False,8.0,8.0,28.3406,0.804,23.4571,50.6189,22.25,1.2209
1772109273.8750708,54439.0,8.0,False,8.0,8.0,28.3406,0.828,23.4384,56.3942,22.25,1.1903
1772109274.130627,54694.0,8.0,False,8.0,8.0,28.3469,0.7488,21.2294,62.0698,22.25,1.1556
1772109274.3904376,54948.0,8.0,False,8.0,8.0,28.3438,0.792,23.1413,67.7453,22.25,1.1967
1772109274.6406152,55202.0,8.0,True,8.0,8.0,28.3438,0.768,21.756,73.3517,22.25,1.1564
1772109274.8985274,55456.0,8.0,True,8.0,8.0,28.3438,0.7704,21.8664,78.9504,22.25,1.1347
1772109275.1453574,55710.0,8.0,True,8.0,8.0,28.3406,0.8184,23.2032,84.672,22.25,1.1862
1772109275.405803,55965.0,8.0,True,8.0,8.0,28.3406,0.8448,23.3933,90.5702,22.25,1.2459
1772109275.6564257,56219.0,8.0,True,8.0,8.0,28.3406,0.8232,23.3093,96.5299,22.25,1.2241
1772109275.91238,56475.0,8.0,True,8.0,8.0,28.3406,0.84,23.6909,102.4896,22.25,1.1983
1772109276.1676517,56730.0,8.0,True,8.0,8.0,28.3344,0.8856,25.1107,108.5184,22.25,1.2692
1772109276.5098038,56984.0,9.0,False,8.0,8.0,28.3344,0.8712,24.6643,114.5472,22.25,1.2853
1772109276.677421,57239.0,9.0,False,9.0,9.0,28.3219,1.0272,29.1173,5.5526,22.25,1.3256
1772109276.9360263,57493.0,9.0,False,9.0,9.0,28.3344,0.9384,26.5915,12.5261,22.25,1.2596
1772109277.1815455,57747.0,9.0,False,9.0,9.0,28.3344,0.8448,23.9405,19.0157,22.25,1.1089
1772109277.4416454,58002.0,9.0,False,9.0,9.0,28.3281,0.9336,26.4226,25.2518,22.25,1.179
1772109277.692257,58256.0,9.0,False,9.0,9.0,28.3375,0.8976,23.832,31.5187,22.25,1.1467
1772109277.950008,58510.0,9.0,False,9.0,9.0,28.3375,0.8448,23.9626,37.5859,22.25,1.1435
1772109278.2050257,58766.0,9.0,False,9.0,9.0,28.3375,0.8496,23.7086,43.776,22.25,1.1443
1772109278.4550085,59020.0,9.0,False,9.0,9.0,28.3344,0.8376,23.7514,49.9661,22.25,1.1298
1772109278.7145908,59276.0,9.0,False,9.0,9.0,28.3312,0.8976,26.0837,56.3482,22.25,1.208
1772109278.9740999,59530.0,9.0,False,9.0,9.0,28.3312,0.9096,25.7861,62.8147,22.25,1.2289
1772109279.2211232,59786.0,9.0,False,9.0,9.0,28.3281,0.936,26.7197,69.4656,22.25,1.2531
1772109279.483688,60040.0,9.0,True,9.0,9.0,28.3281,0.9048,25.6373,76.009,22.25,1.1556
1772109279.7331681,60295.0,9.0,True,9.0,9.0,28.3312,0.8688,24.6403,82.5139,22.25,1.212
1772109279.9913833,60549.0,9.0,True,9.0,9.0,28.3281,0.9504,26.8882,89.1187,22.25,1.1709
1772109280.2443724,60805.0,9.0,True,9.0,9.0,28.3312,0.888,25.1232,95.5392,22.25,1.1766
1772109280.5034432,61060.0,9.0,True,9.0,9.0,28.3281,0.9216,26.099,101.9674,22.25,1.1983
1772109280.7547245,61314.0,9.0,True,9.0,9.0,28.3344,0.8688,24.5952,108.2189,22.25,1.1435
1772109281.0028992,61568.0,9.0,True,9.0,9.0,28.3281,0.9288,26.2934,114.7622,22.25,1.262
1772109281.2621665,61824.0,9.0,True,9.0,9.0,28.3219,0.9672,27.3898,121.4746,22.25,1.3208
1772109281.5655053,62078.0,10.0,False,10.0,10.0,28.3062,1.2408,35.1048,128.3712,22.25,1.3982
1772109281.7740335,62334.0,10.0,False,10.0,10.0,28.3156,1.0824,30.6158,6.8582,22.25,1.3192
1772109282.0296159,62588.0,10.0,False,10.0,10.0,28.3188,1.0296,28.537,14.569,22.25,1.2177
1772109282.286023,62843.0,10.0,False,10.0,10.0,28.3188,1.0224,28.9608,21.7421,22.25,1.2152
1772109282.5423553,63097.0,10.0,False,10.0,10.0,28.3219,0.96,27.1598,28.8461,22.25,1.1572
1772109282.7918677,63353.0,10.0,False,10.0,10.0,28.325,0.9216,26.1226,35.7043,22.25,1.0992
1772109283.0469427,63608.0,10.0,False,10.0,10.0,28.325,0.9816,25.6704,42.4704,22.25,1.0807
1772109283.3058236,63864.0,10.0,False,10.0,10.0,28.3188,0.9864,27.9173,49.2442,22.25,1.1661
1772109283.5560436,64118.0,10.0,False,10.0,10.0,28.3219,0.9576,26.7302,56.3405,22.25,1.1604
1772109283.8168306,64373.0,10.0,False,10.0,10.0,28.3188,0.984,27.8794,63.5597,22.25,1.1766
1772109284.0691698,64627.0,10.0,False,10.0,10.0,28.3219,1.0032,28.3896,70.7174,22.25,1.1387
1772109284.3201244,64881.0,10.0,False,10.0,10.0,28.3219,0.9696,27.4728,77.975,22.37,1.1838
1772109284.5704646,65135.0,10.0,True,10.0,10.0,28.3219,0.948,26.856,85.0176,22.25,1.1709
1772109284.82607,65389.0,10.0,True,10.0,10.0,28.3188,1.0104,28.6382,91.8605,22.25,1.1459
1772109285.081086,65643.0,10.0,True,10.0,10.0,28.3219,0.9696,27.4507,98.8646,22.25,1.1798
1772109285.3405066,65899.0,10.0,True,10.0,10.0,28.3156,1.0176,28.7856,105.9763,22.25,1.1596
1772109285.5893352,66153.0,10.0,True,10.0,10.0,28.3125,1.0056,28.463,113.303,22.25,1.2144
1772109285.8529105,66408.0,10.0,True,10.0,10.0,28.3156,1.0008,29.1821,120.7066,22.37,1.1935
1772109286.0983417,66662.0,10.0,True,10.0,10.0,28.3156,0.9888,28.0008,127.9334,22.25,1.158
1772109286.358041,66916.0,10.0,True,10.0,10.0,28.3188,1.0344,29.3141,135.0221,22.25,1.1782
1772109286.636893,67170.0,11.0,False,11.0,11.0,28.3062,1.1352,32.1331,142.0262,22.25,1.2982
1772109286.8667583,67425.0,11.0,False,11.0,11.0,28.3094,1.0944,30.9893,7.8566,22.37,1.1435
1772109287.121723,67679.0,11.0,False,11.0,11.0,28.3062,1.0896,30.8136,15.4522,22.37,1.1516
1772109287.3731084,67935.0,11.0,False,11.0,11.0,28.3062,1.176,33.3178,23.2243,22.25,1.1693
1772109287.6326973,68189.0,11.0,False,11.0,11.0,28.3062,1.0704,30.3034,31.1962,22.25,1.1758
1772109287.882459,68443.0,11.0,False,11.0,11.0,28.3094,1.1304,30.8798,39.2525,22.37,1.1903
1772109288.1372035,68698.0,11.0,False,11.0,11.0,28.3062,1.1112,31.428,47.1475,22.37,1.1838
1772109288.3870904,68952.0,11.0,False,11.0,11.0,28.3094,1.0752,30.4512,54.9427,22.25,1.1451
1772109288.6459575,69207.0,11.0,False,11.0,11.0,28.3031,1.0608,30.0317,62.7302,22.25,1.1145
1772109288.8960965,69461.0,11.0,False,11.0,11.0,28.3094,1.0512,29.771,70.4947,22.25,1.1935
1772109289.1598854,69717.0,11.0,False,11.0,11.0,28.3062,1.0392,29.4341,78.5664,22.37,1.1661
1772109289.4165735,69972.0,11.0,False,11.0,11.0,28.3062,1.116,31.5763,86.5613,22.37,1.2434
1772109289.67034,70226.0,11.0,True,11.0,11.0,28.3062,1.0608,31.3421,94.5946,22.37,1.1782
1772109289.9205492,70480.0,11.0,True,11.0,11.0,28.3094,1.0464,29.6054,102.2746,22.37,1.0823
1772109290.176327,70735.0,11.0,True,11.0,11.0,28.3156,0.9768,27.6749,109.8701,22.37,1.0919
1772109290.4246972,70989.0,11.0,True,11.0,11.0,28.3062,1.116,31.5768,117.3581,22.37,1.1258
1772109290.6835933,71243.0,11.0,True,11.0,11.0,28.3031,1.1928,31.2734,125.1226,22.37,1.1967
1772109290.9329293,71497.0,11.0,True,11.0,11.0,28.3031,1.1256,31.8682,133.0022,22.37,1.1645
1772109291.1875956,71753.0,11.0,True,11.0,11.0,28.3062,1.0704,31.6613,141.0432,22.37,1.1516
1772109291.450533,72009.0,11.0,True,11.0,11.0,28.3062,1.104,31.2163,148.823,22.37,1.1733
1772109291.7189476,72265.0,12.0,False,12.0,12.0,28.2844,1.4184,37.3416,0.6067,22.37,1.32
1772109291.9528525,72519.0,12.0,False,12.0,12.0,28.2906,1.2264,34.7208,9.6922,22.37,1.1846
1772109292.2074912,72773.0,12.0,False,12.0,12.0,28.2906,1.2192,34.4947,18.409,22.37,1.179
1772109292.470411,73027.0,12.0,False,12.0,12.0,28.2938,1.212,34.296,27.0336,22.37,1.2185
1772109292.7208352,73283.0,12.0,False,12.0,12.0,28.2938,1.3152,37.1971,35.904,22.37,1.1951
1772109292.9740264,73537.0,12.0,False,12.0,12.0,28.2969,1.1664,32.9837,44.5056,22.37,1.1725
1772109293.2288506,73793.0,12.0,False,12.0,12.0,28.2938,1.1856,33.517,52.9459,22.37,1.1064
1772109293.4817495,74047.0,12.0,False,12.0,12.0,28.2969,1.1136,31.5206,61.2096,22.37,1.1048
1772109293.736632,74302.0,12.0,False,12.0,12.0,28.2938,1.1928,33.769,69.7421,22.37,1.1451
1772109293.9997249,74558.0,12.0,False,12.0,12.0,28.2938,1.2144,34.38,78.3821,22.37,1.158
1772109294.2518597,74814.0,12.0,False,12.0,12.0,28.2969,1.1616,32.8411,86.8454,22.37,1.1032
1772109294.5067334,75070.0,12.0,False,12.0,12.0,28.2938,1.2312,34.8259,95.4624,22.37,1.1629
1772109294.7654722,75324.0,12.0,True,12.0,12.0,28.2906,1.272,35.9683,103.9642,22.37,1.1709
1772109295.0208032,75578.0,12.0,True,12.0,12.0,28.2938,1.14,35.0597,112.5427,22.37,1.1153
1772109295.2684262,75834.0,12.0,True,12.0,12.0,28.2938,1.2072,34.1261,121.0675,22.37,1.1661
1772109295.5301328,76089.0,12.0,True,12.0,12.0,28.2906,1.1976,33.9096,129.8918,22.37,1.1798
1772109295.7819374,76345.0,12.0,True,12.0,12.0,28.2969,1.1544,32.6434,138.6086,22.37,1.1338
1772109296.0352561,76599.0,12.0,True,12.0,12.0,28.2969,1.2144,34.3349,147.0259,22.37,1.1556
1772109296.288504,76853.0,12.0,True,12.0,12.0,28.2969,1.1592,32.7715,155.3357,22.37,1.1314
1772109296.5496674,77109.0,12.0,True,12.0,12.0,28.2906,1.176,33.2784,163.7146,22.37,1.1532
1772109296.8035662,77363.0,13.0,False,13.0,13.0,28.2781,1.4112,39.9168,1.7126,22.37,1.2853
1772109297.059119,77619.0,13.0,False,13.0,13.0,28.2781,1.3128,37.0992,11.6659,22.37,1.216
1772109297.316043,77875.0,13.0,False,13.0,13.0,28.2844,1.3152,37.1914,21.2122,22.37,1.1322
1772109297.5667694,78131.0,13.0,False,13.0,13.0,28.2875,1.26,35.64,30.6278,22.37,1.1282
1772109297.8268461,78385.0,13.0,False,13.0,13.0,28.2844,1.3296,37.5936,39.767,22.37,1.2104
1772109298.073441,78639.0,13.0,False,13.0,13.0,28.2813,1.3056,36.912,49.0829,22.37,1.2032
1772109298.3287024,78894.0,13.0,False,13.0,13.0,28.2844,1.3248,37.4842,58.6598,22.37,1.1548
1772109298.5904205,79149.0,13.0,False,13.0,13.0,28.2813,1.2984,36.6955,67.945,22.37,1.1725
1772109298.8411493,79404.0,13.0,False,13.0,13.0,28.2844,1.2744,36.0216,77.1917,22.37,1.1435
1772109299.0956838,79659.0,13.0,False,13.0,13.0,28.2906,1.1952,33.7786,86.2157,22.37,1.1516
1772109299.3556895,79913.0,13.0,False,13.0,13.0,28.2844,1.2744,36.0182,95.5238,22.37,1.1854
1772109299.603952,80167.0,13.0,False,13.0,13.0,28.2813,1.2552,35.4898,104.9165,22.37,1.1693
1772109299.8631892,80421.0,13.0,True,13.0,13.0,28.2781,1.344,38.0088,114.4166,22.37,1.2072
1772109300.1086776,80675.0,13.0,True,13.0,13.0,28.2781,1.3032,36.8386,123.7018,22.37,1.1419
1772109300.366257,80929.0,13.0,True,13.0,13.0,28.2813,1.2912,36.528,133.0022,22.37,1.1338
1772109300.6196456,81183.0,13.0,True,13.0,13.0,28.2719,1.392,39.3605,142.3488,22.37,1.2249
1772109300.871804,81438.0,13.0,True,13.0,13.0,28.275,1.344,38.0256,151.9642,22.37,1.2193
1772109301.1261156,81692.0,13.0,True,13.0,13.0,28.2813,1.3056,36.9475,161.4182,22.37,1.1588
1772109301.3839583,81947.0,13.0,True,13.0,13.0,28.2781,1.2648,37.9694,170.665,22.37,1.1274
1772109301.6398642,82201.0,13.0,True,13.0,13.0,28.2813,1.272,35.9938,179.6582,22.5,1.1467
1772109301.890518,82456.0,14.0,False,14.0,14.0,28.2656,1.6104,45.5002,3.3715,22.5,1.2177
1772109302.1536806,82712.0,14.0,False,14.0,14.0,28.2594,1.5312,44.8454,14.2541,22.5,1.2757
1772109302.4104276,82967.0,14.0,False,14.0,14.0,28.2719,1.3656,38.5896,24.5222,22.37,1.1725
1772109302.6601691,83221.0,14.0,False,14.0,14.0,28.2719,1.3608,38.4403,34.5293,22.37,1.129
1772109302.912839,83475.0,14.0,False,14.0,14.0,28.2687,1.476,39.5194,44.6285,22.37,1.1806
1772109303.1681242,83730.0,14.0,False,14.0,14.0,28.2687,1.4232,40.2187,54.8966,22.37,1.1951
1772109303.4194338,83984.0,14.0,False,14.0,14.0,28.2719,1.3464,38.041,65.1878,22.37,1.1347
1772109303.6794732,84239.0,14.0,False,14.0,14.0,28.2687,1.4208,40.1342,75.2947,22.5,1.1427
1772109303.927968,84493.0,14.0,False,14.0,14.0,28.2687,1.3488,38.1394,85.079,22.37,1.1532
1772109304.185936,84748.0,14.0,False,14.0,14.0,28.2719,1.3584,38.3789,95.1091,22.37,1.1347
1772109304.4384198,85002.0,14.0,False,14.0,14.0,28.2625,1.4208,40.439,105.5002,22.5,1.1838
1772109304.701054,85258.0,14.0,False,14.0,14.0,28.2656,1.4784,41.8008,115.6531,22.37,1.15
1772109304.9508014,85512.0,14.0,True,14.0,14.0,28.2687,1.3968,40.7285,125.783,22.5,1.158
1772109305.205846,85767.0,14.0,True,14.0,14.0,28.2625,1.524,43.0445,135.9821,22.5,1.216
1772109305.4587107,86023.0,14.0,True,14.0,14.0,28.2594,1.5432,43.6315,146.6419,22.5,1.2434
1772109305.7189748,86277.0,14.0,True,14.0,14.0,28.2656,1.4376,40.6555,157.0022,22.5,1.1774
1772109305.9649823,86531.0,14.0,True,14.0,14.0,28.2656,1.4112,39.8549,166.7635,22.5,1.1258
1772109306.2208796,86785.0,14.0,True,14.0,14.0,28.2625,1.416,40.3982,176.7245,22.5,1.1854
1772109306.4796631,87039.0,14.0,True,14.0,14.0,28.2656,1.4016,39.6365,186.8774,22.5,1.1677
1772109306.7308517,87295.0,14.0,True,14.0,14.0,28.2625,1.4256,41.7581,197.0918,22.5,1.2048
1772109306.9853497,87549.0,15.0,False,15.0,15.0,28.2437,1.704,48.12,4.608,22.5,1.2483
1772109307.239859,87803.0,15.0,False,15.0,15.0,28.2563,1.5312,43.2696,15.7747,22.5,1.2056
1772109307.4920988,88058.0,15.0,False,15.0,15.0,28.2563,1.56,44.0894,27.1027,22.5,1.1467
1772109307.7518418,88312.0,15.0,False,15.0,15.0,28.2563,1.4976,42.2952,38.231,22.5,1.1596
1772109308.0020041,88566.0,15.0,False,15.0,15.0,28.2531,1.4808,41.8666,48.8525,22.5,1.1177
1772109308.2571328,88822.0,15.0,False,15.0,15.0,28.2563,1.488,42.0638,59.4586,22.5,1.1435
1772109308.5170238,89076.0,15.0,False,15.0,15.0,28.2594,1.4952,42.2357,70.3334,22.5,1.2741
1772109308.7670243,89331.0,15.0,False,15.0,15.0,28.2469,1.5864,44.8325,81.4925,22.5,1.1854
1772109309.0265672,89585.0,15.0,False,15.0,15.0,28.2469,1.5552,43.9651,92.3366,22.5,1.2209
1772109309.2831817,89841.0,15.0,False,15.0,15.0,28.2531,1.6224,45.8006,103.3498,22.5,1.2152
1772109309.5298564,90095.0,15.0,False,15.0,15.0,28.2469,1.62,45.7334,114.4858,22.5,1.2442
1772109309.7867756,90351.0,15.0,False,15.0,15.0,28.2469,1.5408,43.5336,125.6678,22.5,1.2056
1772109310.044977,90605.0,15.0,True,15.0,15.0,28.2563,1.4376,40.6022,136.4275,22.5,1.1467
1772109310.3028708,90861.0,15.0,True,15.0,15.0,28.2563,1.4232,40.2245,147.3101,22.5,1.1435
1772109310.5530581,91115.0,15.0,True,15.0,15.0,28.25,1.5168,42.8554,158.231,22.5,1.1822
1772109310.8131456,91369.0,15.0,True,15.0,15.0,28.2469,1.5696,44.3366,169.2365,22.5,1.1645
1772109311.059781,91623.0,15.0,True,15.0,15.0,28.25,1.5888,44.9074,180.0883,22.5,1.1709
1772109311.3185582,91879.0,15.0,True,15.0,15.0,28.2469,1.6128,45.5798,191.1936,22.5,1.2281
1772109311.5771997,92133.0,15.0,True,15.0,15.0,28.25,1.488,42.0293,202.3142,22.5,1.1645
1772109311.8238966,92388.0,15.0,True,15.0,15.0,28.2563,1.5,42.3965,213.4118,22.5,1.0984
1772109312.0837178,92643.0,20.0,False,20.0,20.0,28.1313,2.988,84.0638,9.7152,22.5,1.7189
1772109312.3415005,92899.0,20.0,False,20.0,20.0,28.1906,2.28,64.2624,27.7555,22.5,1.3047
1772109312.5886836,93153.0,20.0,False,20.0,20.0,28.1969,2.148,60.5933,43.5994,22.5,1.2168
1772109312.8482416,93408.0,20.0,False,20.0,20.0,28.2,2.0568,58.0392,58.6138,22.5,1.1604
1772109313.1033733,93662.0,20.0,False,20.0,20.0,28.2062,2.112,59.5349,73.5744,22.5,1.1661
1772109313.3610477,93918.0,20.0,False,20.0,20.0,28.2062,2.0544,57.9523,88.4736,22.5,1.1419
1772109313.6109085,94172.0,20.0,False,20.0,20.0,28.2031,2.1096,59.4883,102.8506,22.5,1.1556
1772109313.8621678,94426.0,20.0,False,20.0,20.0,28.1938,2.1192,59.7384,117.4426,22.5,1.212
1772109314.115888,94680.0,20.0,False,20.0,20.0,28.2031,2.04,58.2605,132.3341,22.5,1.1596
1772109314.3730273,94936.0,20.0,False,20.0,20.0,28.2,2.1144,59.6045,147.1027,22.5,1.2015
1772109314.6359053,95191.0,20.0,False,20.0,20.0,28.2062,2.0232,57.0379,162.048,22.5,1.1467
1772109314.885505,95445.0,20.0,False,20.0,20.0,28.2031,1.9848,55.979,176.5094,22.5,1.15
1772109315.1420815,95701.0,20.0,True,20.0,20.0,28.2062,2.04,57.5784,191.1168,22.5,1.1451
1772109315.3913884,95957.0,20.0,True,20.0,20.0,28.2031,2.028,57.203,205.9162,22.5,1.1645
1772109315.6538954,96211.0,20.0,True,20.0,20.0,28.2,2.0712,58.3781,220.5619,22.5,1.1596
1772109315.9038014,96465.0,20.0,True,20.0,20.0,28.1938,2.0952,59.0458,235.4534,22.5,1.1951
1772109316.158822,96719.0,20.0,True,20.0,20.0,28.1938,2.184,61.5403,250.153,22.5,1.1693
1772109316.414371,96975.0,20.0,True,20.0,20.0,28.1938,2.0256,57.0802,264.6912,22.5,1.1709
1772109316.6739676,97231.0,20.0,True,20.0,20.0,28.1969,2.124,59.905,279.6134,22.5,1.204
1772109316.922654,97485.0,20.0,True,20.0,20.0,28.2,2.064,58.212,294.2131,22.5,1.1548
1772109317.1790838,97739.0,25.0,False,25.0,25.0,28.075,3.6456,102.3504,15.9206,22.62,1.6883
1772109317.4296632,97993.0,25.0,False,25.0,25.0,28.1375,2.7528,77.4888,38.2464,22.62,1.2579
1772109317.6820824,98247.0,25.0,False,25.0,25.0,28.1437,2.7312,76.8725,57.3926,22.62,1.2249
1772109317.9416595,98501.0,25.0,False,25.0,25.0,28.1531,2.448,68.9179,76.1549,22.62,1.1774
1772109318.1968896,98755.0,25.0,False,25.0,25.0,28.1437,2.5872,74.0203,94.9939,22.62,1.1661
1772109318.4438825,99010.0,25.0,False,25.0,25.0,28.1531,2.556,71.9558,113.4643,22.62,1.1508
1772109318.7019064,99265.0,25.0,False,25.0,25.0,28.15,2.5968,76.5451,132.0576,22.62,1.1822
1772109318.9619987,99519.0,25.0,False,25.0,25.0,28.1563,2.5152,70.7938,150.6202,22.62,1.1532
1772109319.2082088,99774.0,25.0,False,25.0,25.0,28.1437,2.5872,72.7762,169.1443,22.62,1.2023
1772109319.4661717,100029.0,25.0,False,25.0,25.0,28.1563,2.5344,71.351,187.7222,22.62,1.1177
1772109319.7265222,100283.0,25.0,False,25.0,25.0,28.1531,2.5512,71.8075,206.1542,22.62,1.1709
1772109319.975217,100537.0,25.0,False,25.0,25.0,28.1469,2.52,70.945,224.5939,22.62,1.1274
1772109320.230819,100791.0,25.0,True,25.0,25.0,28.1406,2.7288,76.7779,243.3792,22.62,1.2305
1772109320.4830494,101045.0,25.0,True,25.0,25.0,28.1469,2.5464,68.9904,261.888,22.62,1.1564
1772109320.7383213,101299.0,25.0,True,25.0,25.0,28.1437,2.6208,73.7597,280.4275,22.62,1.1596
1772109320.9975407,101555.0,25.0,True,25.0,25.0,28.1406,2.5824,73.7174,299.0208,22.62,1.1411
1772109321.2443557,101809.0,25.0,True,25.0,25.0,28.1344,2.6304,73.9982,317.6602,22.62,1.2088
1772109321.5003932,102063.0,25.0,True,25.0,25.0,28.1375,2.6616,74.8579,336.0384,22.62,1.204
1772109321.7604942,102317.0,25.0,True,25.0,25.0,28.1375,2.5992,73.1213,354.5856,22.62,1.2048
1772109322.1071527,102571.0,30.0,False,25.0,25.0,28.1437,2.5632,72.1157,373.1021,22.62,1.1629
1772109322.268276,102825.0,30.0,False,30.0,30.0,28.0031,4.3272,121.175,22.0339,22.62,1.6359
1772109322.515396,103081.0,30.0,False,30.0,30.0,28.0656,3.4152,95.879,48.6835,22.62,1.2894
1772109322.7755406,103335.0,30.0,False,30.0,30.0,28.0875,3.1632,88.8538,71.9309,22.62,1.2571
1772109323.0311565,103589.0,30.0,False,30.0,30.0,28.0844,3.2592,91.4938,94.7098,22.62,1.2209
1772109323.286148,103843.0,30.0,False,30.0,30.0,28.0969,3.048,85.6464,117.3734,22.62,1.1951
1772109323.5364306,104099.0,30.0,False,30.0,30.0,28.0938,3.2088,90.1411,139.4534,22.62,1.2209
1772109323.7946527,104353.0,30.0,False,30.0,30.0,28.1,3.144,88.3464,161.9712,22.62,1.1427
1772109324.0427763,104608.0,30.0,False,30.0,30.0,28.0844,3.1872,89.5402,184.3738,22.62,1.1999
1772109324.297601,104863.0,30.0,False,30.0,30.0,28.0812,3.2616,91.6176,206.7302,22.62,1.2338
1772109324.55483,105119.0,30.0,False,30.0,30.0,28.0969,2.9856,83.8488,228.9638,22.62,1.1854
1772109324.8178966,105373.0,30.0,False,30.0,30.0,28.0906,3.0912,86.604,251.6736,22.62,1.1677
1772109325.0707414,105627.0,30.0,False,30.0,30.0,28.0781,3.2424,91.0517,273.5846,22.62,1.1661
1772109325.3152564,105881.0,30.0,True,30.0,30.0,28.0938,3.1584,88.7141,295.7184,22.62,1.1959
1772109325.5736012,106135.0,30.0,True,30.0,30.0,28.0906,3.1368,88.115,318.1747,22.62,1.1806
1772109325.8245845,106389.0,30.0,True,30.0,30.0,28.0812,3.2424,91.0584,340.201,22.62,1.1838
1772109326.082767,106643.0,30.0,True,30.0,30.0,28.0906,3.1104,87.4022,362.6112,22.62,1.1629
1772109326.339443,106898.0,30.0,True,30.0,30.0,28.0781,3.1848,89.4283,385.0752,22.62,1.216
1772109326.5879579,107153.0,30.0,True,30.0,30.0,28.0844,3.1392,88.1654,407.3242,22.62,1.1814
1772109326.849204,107408.0,30.0,True,30.0,30.0,28.0875,3.0144,84.6379,429.5962,22.62,1.1725
1772109327.1727617,107662.0,35.0,False,30.5,35.0,28.0781,3.2544,91.3843,452.1139,22.62,1.287
1772109327.3573463,107918.0,35.0,False,35.0,35.0,27.9625,4.5624,127.5811,28.0934,22.75,1.5456
1772109327.6130872,108173.0,35.0,False,35.0,35.0,28.025,3.828,107.2733,58.4832,22.75,1.2805
1772109327.8630097,108428.0,35.0,False,35.0,35.0,28.0219,3.852,107.9688,85.9238,22.75,1.2426
1772109328.1229079,108684.0,35.0,False,35.0,35.0,28.025,3.696,103.56,112.3123,22.75,1.2305
1772109328.3781528,108940.0,35.0,False,35.0,35.0,28.0219,3.7416,104.8224,138.839,22.75,1.2547
1772109328.6382492,109194.0,35.0,False,35.0,35.0,28.0375,3.6744,103.0339,164.8128,22.75,1.1838
1772109328.8858423,109448.0,35.0,False,35.0,35.0,28.05,3.4896,97.9042,190.5331,22.75,1.1725
1772109329.1365669,109702.0,35.0,False,35.0,35.0,28.0281,3.6504,104.6083,216.9677,22.75,1.1919
1772109329.393731,109958.0,35.0,False,35.0,35.0,28.0313,3.696,103.621,242.6726,22.75,1.1604
1772109329.652004,110212.0,35.0,False,35.0,35.0,28.0313,3.7128,103.8926,268.777,22.75,1.2185
1772109329.9087734,110466.0,35.0,False,35.0,35.0,28.0344,3.5736,100.1914,294.6816,22.75,1.1693
1772109330.1561306,110720.0,35.0,True,35.0,35.0,28.0375,3.672,102.9446,320.2099,22.75,1.1919
1772109330.413626,110976.0,35.0,True,35.0,35.0,28.0344,3.6864,103.3272,346.5446,22.75,1.2048
1772109330.6654582,111230.0,35.0,True,35.0,35.0,28.0281,3.5688,99.997,372.7027,22.75,1.1806
1772109330.925893,111485.0,35.0,True,35.0,35.0,28.0187,3.7536,105.1603,398.9299,22.75,1.2241
1772109331.1734893,111739.0,35.0,True,35.0,35.0,28.025,3.6984,103.6536,424.8653,22.75,1.2177
1772109331.4292996,111995.0,35.0,True,35.0,35.0,28.025,3.6816,103.1674,451.0541,22.75,1.1822
1772109331.6903675,112249.0,35.0,True,35.0,35.0,28.0281,3.6072,101.1192,477.12,22.75,1.1677
1772109331.9387681,112503.0,35.0,True,35.0,35.0,28.0344,3.5376,99.1766,503.1552,22.75,1.1822
1772109332.2267287,112758.0,40.0,False,36.0,40.0,27.9813,4.2216,118.1251,529.2595,22.75,1.3111
1772109332.4553041,113013.0,40.0,False,40.0,40.0,27.8844,5.2824,147.299,37.271,22.87,1.5626
1772109332.7070649,113267.0,40.0,False,40.0,40.0,27.9531,4.5288,123.133,71.6774,22.87,1.299
1772109332.9646835,113521.0,40.0,False,40.0,40.0,27.9562,4.416,123.4349,102.5664,22.75,1.266
1772109333.2130828,113776.0,40.0,False,40.0,40.0,27.9813,4.0464,113.1888,132.457,22.87,1.1983
1772109333.4708552,114030.0,40.0,False,40.0,40.0,27.9781,4.1112,115.0027,162.5088,22.75,1.1701
1772109333.7205217,114284.0,40.0,False,40.0,40.0,27.9781,4.2168,116.3102,192.0691,22.87,1.2289
1772109333.9802465,114538.0,40.0,False,40.0,40.0,27.9813,4.0104,112.2254,221.5526,22.87,1.158
1772109334.2274015,114793.0,40.0,False,40.0,40.0,27.975,4.2288,118.2936,250.921,22.87,1.2144
1772109334.4824295,115048.0,40.0,False,40.0,40.0,27.9719,4.056,113.496,280.9421,22.87,1.179
1772109334.742042,115304.0,40.0,False,40.0,40.0,27.9688,4.1928,117.2746,310.825,22.75,1.2144
1772109335.0001895,115558.0,40.0,False,40.0,40.0,27.9781,4.0632,113.7086,340.7309,22.87,1.1927
1772109335.2554665,115812.0,40.0,True,40.0,40.0,27.9656,4.1784,116.8733,370.1299,22.87,1.2314
1772109335.5048823,116068.0,40.0,True,40.0,40.0,27.9625,4.224,118.1299,400.2278,22.87,1.1967
1772109335.7659743,116322.0,40.0,True,40.0,40.0,27.9625,4.2072,117.6154,429.5347,22.87,1.2201
1772109336.0156517,116577.0,40.0,True,40.0,40.0,27.9594,4.2384,115.5974,459.6326,22.87,1.2563
1772109336.271416,116832.0,40.0,True,40.0,40.0,27.9656,4.2552,118.9992,489.0547,22.87,1.2128
1772109336.5277715,117086.0,40.0,True,40.0,40.0,27.95,4.3416,121.309,518.6304,22.87,1.2515
1772109336.7829196,117340.0,40.0,True,40.0,40.0,27.95,4.3992,122.928,548.6822,22.87,1.2612
1772109337.032288,117594.0,40.0,True,40.0,40.0,27.9594,4.1928,117.2222,578.1888,22.87,1.2152
1772109337.3000665,117849.0,45.0,False,43.0,45.0,27.8719,5.2944,149.2901,1.4054,22.87,1.4933
1772109337.5409193,118105.0,45.0,False,45.0,45.0,27.8406,5.7408,159.8275,46.7482,23.0,1.4804
1772109337.8010392,118359.0,45.0,False,45.0,45.0,27.9031,4.8288,134.759,84.2266,23.0,1.2531
1772109338.0520914,118615.0,45.0,False,45.0,45.0,27.9188,4.6296,129.2251,118.7482,23.0,1.2305
1772109338.3078218,118871.0,45.0,False,45.0,45.0,27.9094,4.8072,134.1509,152.2406,22.87,1.2241
1772109338.5690084,119126.0,45.0,False,45.0,45.0,27.9094,4.8264,134.689,185.8253,23.0,1.2612
1772109338.815849,119381.0,45.0,False,45.0,45.0,27.9094,4.7952,133.8072,219.1795,22.87,1.2241
1772109339.073993,119637.0,45.0,False,45.0,45.0,27.9219,4.5936,128.2766,252.5338,22.87,1.2112
1772109339.3276284,119893.0,45.0,False,45.0,45.0,27.9063,4.7952,133.8182,286.0339,23.0,1.2144
1772109339.5881512,120147.0,45.0,False,45.0,45.0,27.9156,4.6056,128.5565,319.0042,23.0,1.2104
1772109339.8372142,120403.0,45.0,False,45.0,45.0,27.9094,4.6512,129.8222,352.4659,23.0,1.1935
1772109340.0968125,120658.0,45.0,False,45.0,45.0,27.9188,4.536,126.6648,385.7818,23.0,1.1983
1772109340.351458,120914.0,45.0,True,45.0,45.0,27.9063,4.7448,132.3979,418.944,23.0,1.1967
1772109340.602498,121168.0,45.0,True,45.0,45.0,27.9188,4.6752,126.9643,452.4211,23.0,1.2168
1772109340.8633304,121424.0,45.0,True,45.0,45.0,27.9125,4.632,129.3221,485.399,23.0,1.204
1772109341.1202416,121678.0,45.0,True,45.0,45.0,27.9312,4.416,124.2758,518.6074,23.0,1.1685
1772109341.37534,121933.0,45.0,True,45.0,45.0,27.9094,4.6368,129.4013,551.5162,23.0,1.1709
1772109341.6245291,122187.0,45.0,True,45.0,45.0,27.9094,4.548,126.9451,584.448,23.0,1.208
1772109341.8829036,122441.0,45.0,True,45.0,45.0,27.9031,4.56,127.2235,617.5334,23.0,1.2225
1772109342.132069,122696.0,45.0,True,45.0,45.0,27.8844,4.6656,130.2019,651.2333,23.0,1.2023
1772109342.3872721,122950.0,50.0,False,50.0,50.0,27.6781,7.5216,209.8411,9.7152,23.0,1.864
1772109342.6450348,123204.0,50.0,False,50.0,50.0,27.7844,6.1824,171.7162,58.2989,23.12,1.4916
1772109342.893049,123458.0,50.0,False,50.0,50.0,27.8344,5.3688,149.5032,98.8262,23.0,1.2966
1772109343.1501517,123712.0,50.0,False,50.0,50.0,27.8594,5.148,143.4154,136.2355,23.0,1.2346
1772109343.4031007,123968.0,50.0,False,50.0,50.0,27.8687,4.9224,137.2296,173.8368,23.0,1.179
1772109343.6642041,124222.0,50.0,False,50.0,50.0,27.8469,5.292,147.336,210.1402,23.0,1.299
1772109343.91177,124476.0,50.0,False,50.0,50.0,27.8563,5.1384,143.1499,246.6125,23.0,1.2442
1772109344.1705267,124732.0,50.0,False,50.0,50.0,27.8563,5.208,145.0877,283.7914,23.0,1.208
1772109344.4277277,124988.0,50.0,False,50.0,50.0,27.8469,5.2464,146.0664,320.5402,23.0,1.2434
1772109344.6846356,125242.0,50.0,False,50.0,50.0,27.8563,5.1072,142.2974,356.9126,23.0,1.2064
1772109344.9342272,125496.0,50.0,False,50.0,50.0,27.8531,5.1312,142.9157,393.1238,23.0,1.2805
1772109345.1908786,125750.0,50.0,False,50.0,50.0,27.8531,5.2056,142.8629,430.1261,23.0,1.2451
1772109345.4381495,126004.0,50.0,True,50.0,50.0,27.8344,5.532,153.9715,466.8749,23.0,1.2741
1772109345.6955333,126259.0,50.0,True,50.0,50.0,27.8594,5.0592,140.9362,503.1629,23.0,1.2112
1772109345.9540389,126513.0,50.0,True,50.0,50.0,27.8687,4.8888,136.2302,540.1498,23.0,1.1983
1772109346.2107155,126768.0,50.0,True,50.0,50.0,27.8594,5.0136,139.6858,576.3226,23.0,1.2177
1772109346.4586155,127022.0,50.0,True,50.0,50.0,27.85,5.1024,142.1218,613.0253,23.0,1.2426
1772109346.716894,127276.0,50.0,True,50.0,50.0,27.8375,5.2656,146.6102,649.4822,23.12,1.2523
1772109346.9661548,127530.0,50.0,True,50.0,50.0,27.8375,5.3472,145.7938,686.4691,23.0,1.2314
1772109347.2211046,127784.0,50.0,True,50.0,50.0,27.8375,5.136,142.9968,722.9338,23.0,1.2289
1772109347.4788663,128040.0,55.0,False,55.0,55.0,27.5938,8.3736,231.6749,15.1987,23.12,1.8237
1772109347.727839,128294.0,55.0,False,55.0,55.0,27.7219,6.6768,185.0659,66.7238,23.12,1.4731
1772109347.9929414,128549.0,55.0,False,55.0,55.0,27.775,5.964,165.6595,110.7302,23.12,1.3224
1772109348.237107,128803.0,55.0,False,55.0,55.0,27.7938,5.7336,159.3715,152.1408,23.12,1.2563
1772109348.496413,129057.0,55.0,False,55.0,55.0,27.7906,5.8392,162.1882,192.2688,23.12,1.2805
1772109348.7456522,129311.0,55.0,False,55.0,55.0,27.8,5.532,153.8328,232.0666,23.12,1.2064
1772109349.0031717,129567.0,55.0,False,55.0,55.0,27.8031,5.4984,152.8877,272.0563,23.12,1.2225
1772109349.2597768,129821.0,55.0,False,55.0,55.0,27.7969,5.7312,159.2986,311.7773,23.12,1.2757
1772109349.5096545,130075.0,55.0,False,55.0,55.0,27.7969,5.5128,153.2078,351.6288,23.12,1.2418
1772109349.7683287,130331.0,55.0,False,55.0,55.0,27.8062,5.5608,154.6675,392.041,23.12,1.1661
1772109350.0286644,130587.0,55.0,False,55.0,55.0,27.8,5.5704,154.8686,432.0768,23.12,1.233
1772109350.283057,130841.0,55.0,False,55.0,55.0,27.8125,5.388,149.7845,471.7824,23.12,1.204
1772109350.5306635,131095.0,55.0,True,55.0,55.0,27.7938,5.5848,155.2171,511.2269,23.12,1.2209
1772109350.7892504,131349.0,55.0,True,55.0,55.0,27.7906,5.688,158.041,551.0246,23.12,1.2322
1772109351.0482697,131605.0,55.0,True,55.0,55.0,27.7938,5.6232,156.2707,591.4752,23.12,1.2289
1772109351.294718,131861.0,55.0,True,55.0,55.0,27.7875,5.712,158.6717,631.68,23.12,1.2467
1772109351.5524793,132116.0,55.0,True,55.0,55.0,27.7875,5.6304,156.4464,671.8234,23.12,1.2442
1772109351.8110785,132370.0,55.0,True,55.0,55.0,27.7781,5.6088,159.8381,711.7056,23.12,1.2177
1772109352.062224,132625.0,55.0,True,55.0,55.0,27.7906,5.5896,155.3309,751.273,23.12,1.2483
1772109352.3177793,132879.0,55.0,True,55.0,55.0,27.7906,5.5776,155.015,791.2781,23.12,1.2354
1772109352.5696218,133135.0,60.0,False,60.0,60.0,27.5344,8.5992,241.0646,24.745,23.25,1.764
1772109352.8309596,133391.0,60.0,False,60.0,60.0,27.6781,6.8832,190.5274,79.2269,23.25,1.4143
1772109353.0818775,133645.0,60.0,False,60.0,60.0,27.7125,6.4128,177.7152,125.9597,23.25,1.3176
1772109353.338425,133899.0,60.0,False,60.0,60.0,27.7375,6.1992,171.9221,170.1965,23.25,1.2628
1772109353.5894856,134153.0,60.0,False,60.0,60.0,27.7313,6.156,170.6741,213.3811,23.25,1.2765
1772109353.8410778,134407.0,60.0,False,60.0,60.0,27.7625,5.7648,160.0742,256.4506,23.25,1.2015
1772109354.1025803,134663.0,60.0,False,60.0,60.0,27.7375,6.12,169.7722,299.7888,23.25,1.2628
1772109354.3594818,134917.0,60.0,False,60.0,60.0,27.7344,6.1848,171.5342,342.8198,23.25,1.2692
1772109354.6084409,135173.0,60.0,False,60.0,60.0,27.7219,6.3264,175.3584,386.135,23.25,1.2999
1772109354.8649275,135429.0,60.0,False,60.0,60.0,27.7406,5.9448,164.9002,429.5654,23.25,1.2483
1772109355.1250231,135685.0,60.0,False,60.0,60.0,27.7375,6.2256,172.6162,472.8499,23.25,1.27
1772109355.378858,135939.0,60.0,False,60.0,60.0,27.725,6.2952,174.4565,515.7427,23.25,1.2829
1772109355.630419,136193.0,60.0,True,60.0,60.0,27.7406,5.9904,166.1702,558.3206,23.25,1.2177
1772109355.8891532,136448.0,60.0,True,60.0,60.0,27.7219,6.3216,171.8314,602.0275,23.25,1.2684
1772109356.1393778,136702.0,60.0,True,60.0,60.0,27.7437,5.9472,164.9304,644.951,23.25,1.1935
1772109356.3931043,136956.0,60.0,True,60.0,60.0,27.7313,6.2736,173.8896,687.9744,23.25,1.2829
1772109356.653989,137210.0,60.0,True,60.0,60.0,27.7125,6.3024,174.6278,730.5754,23.25,1.2845
1772109356.9018435,137464.0,60.0,True,60.0,60.0,27.7313,6.048,167.6957,773.3606,23.25,1.2305
1772109357.1557236,137720.0,60.0,True,60.0,60.0,27.7062,6.3888,177.013,817.4208,23.25,1.2596
1772109357.41978,137976.0,60.0,True,60.0,60.0,27.7281,6.1296,169.9229,860.8358,23.25,1.2692
1772109357.6701074,138230.0,65.0,False,65.0,65.0,27.5094,8.9352,245.7696,34.7981,23.37,1.7141
1772109357.9226642,138484.0,65.0,False,65.0,65.0,27.6219,7.3824,203.9054,91.2922,23.37,1.4183
1772109358.1750517,138740.0,65.0,False,65.0,65.0,27.6594,6.888,190.4635,141.8496,23.37,1.3522
1772109358.4288142,138994.0,65.0,False,65.0,65.0,27.6344,7.0392,194.639,189.0355,23.37,1.3337
1772109358.6916575,139250.0,65.0,False,65.0,65.0,27.6781,6.5664,181.715,235.7299,23.37,1.2982
1772109358.945252,139506.0,65.0,False,65.0,65.0,27.6781,6.4344,184.9464,282.6624,23.37,1.2531
1772109359.1988437,139762.0,65.0,False,65.0,65.0,27.6875,6.3696,176.3578,328.297,23.37,1.2716
1772109359.460729,140018.0,65.0,False,65.0,65.0,27.6719,6.6144,183.001,374.8685,23.37,1.2483
1772109359.7132921,140273.0,65.0,False,65.0,65.0,27.6688,6.828,188.7677,421.2941,23.37,1.3111
1772109359.9684572,140529.0,65.0,False,65.0,65.0,27.6875,6.3984,175.6306,467.9962,23.37,1.2515
1772109360.2208347,140785.0,65.0,False,65.0,65.0,27.6625,6.672,184.5955,514.0685,23.37,1.2708
1772109360.4745932,141040.0,65.0,False,65.0,65.0,27.6906,6.3,174.4896,560.1715,23.37,1.2249
1772109360.728689,141294.0,65.0,True,65.0,65.0,27.65,6.8424,189.203,606.313,23.37,1.2982
1772109360.983472,141548.0,65.0,True,65.0,65.0,27.6781,6.4032,177.203,652.2163,23.37,1.2571
1772109361.2393093,141802.0,65.0,True,65.0,65.0,27.6938,6.2592,173.3064,698.3885,23.37,1.2636
1772109361.4943497,142058.0,65.0,True,65.0,65.0,27.675,6.528,180.6576,745.0829,23.37,1.2547
1772109361.7463937,142312.0,65.0,True,65.0,65.0,27.6656,6.6048,182.7403,791.5622,23.37,1.3144
1772109362.0092072,142568.0,65.0,True,65.0,65.0,27.675,6.3888,176.8046,837.911,23.37,1.2579
1772109362.2613835,142822.0,65.0,True,65.0,65.0,27.6625,6.6144,182.9578,884.6976,23.37,1.2974
1772109362.5142453,143078.0,65.0,True,65.0,65.0,27.675,6.4512,178.5058,930.8006,23.37,1.2467
1772109362.77517,143332.0,70.0,False,70.0,70.0,27.4281,9.5568,262.223,45.4733,23.5,1.6851
1772109363.0222988,143588.0,70.0,False,70.0,70.0,27.5625,7.7904,217.0162,104.7398,23.5,1.4368
1772109363.2792187,143842.0,70.0,False,70.0,70.0,27.5906,7.3056,201.6029,157.5706,23.5,1.3281
1772109363.535381,144098.0,70.0,False,70.0,70.0,27.6063,7.1088,202.8739,208.7962,23.5,1.3079
1772109363.7911408,144354.0,70.0,False,70.0,70.0,27.6156,7.1688,197.9582,258.7162,23.5,1.2821
1772109364.047342,144608.0,70.0,False,70.0,70.0,27.625,6.9168,191.1576,307.6915,23.5,1.2451
1772109364.3023555,144862.0,70.0,False,70.0,70.0,27.6281,7.056,194.7965,356.8742,23.37,1.287
1772109364.5602117,145118.0,70.0,False,70.0,70.0,27.6031,7.26,200.3294,406.8787,23.37,1.3192
1772109364.8099048,145372.0,70.0,False,70.0,70.0,27.6187,6.9528,192.0158,455.9539,23.5,1.2805
1772109365.0694418,145626.0,70.0,False,70.0,70.0,27.6406,6.7008,185.173,505.0214,23.5,1.2338
1772109365.315733,145882.0,70.0,False,70.0,70.0,27.6375,6.6912,184.9133,554.7341,23.5,1.2467
1772109365.5732548,146136.0,70.0,False,70.0,70.0,27.6125,6.9288,191.2934,604.0397,23.37,1.2716
1772109365.830888,146390.0,70.0,True,70.0,70.0,27.6375,6.744,186.3518,652.7923,23.37,1.2354
1772109366.0888824,146646.0,70.0,True,70.0,70.0,27.6156,6.9888,192.9821,702.5203,23.37,1.2813
1772109366.333838,146900.0,70.0,True,70.0,70.0,27.5906,7.2768,200.7826,751.7875,23.5,1.2789
1772109366.5932596,147154.0,70.0,True,70.0,70.0,27.6031,6.996,193.1208,801.5232,23.5,1.2958
1772109366.8428185,147408.0,70.0,True,70.0,70.0,27.6094,6.8664,189.5707,850.9056,23.5,1.2821
1772109367.103796,147662.0,70.0,True,70.0,70.0,27.6125,6.8808,189.9821,899.7811,23.5,1.2708
1772109367.350809,147916.0,70.0,True,70.0,70.0,27.6031,7.0248,193.8994,948.6797,23.5,1.295
1772109367.6789823,148172.0,75.0,False,70.5,75.0,27.6156,7.0392,194.2267,998.1926,23.5,1.3579
1772109367.8646603,148426.0,75.0,False,75.0,75.0,27.4125,9.4272,259.3781,57.3235,23.62,1.6158
1772109368.1144023,148680.0,75.0,False,75.0,75.0,27.4969,8.1528,224.2718,118.4026,23.62,1.4127
1772109368.3697126,148936.0,75.0,False,75.0,75.0,27.5187,8.1096,220.4592,174.4742,23.62,1.3917
1772109368.629431,149191.0,75.0,False,75.0,75.0,27.5625,7.6128,209.8109,227.6198,23.62,1.3119
1772109368.878753,149445.0,75.0,False,75.0,75.0,27.5656,7.3968,203.8944,280.2662,23.62,1.2797
1772109369.139187,149700.0,75.0,False,75.0,75.0,27.5969,6.9768,192.4843,332.8282,23.5,1.2547
1772109369.3960686,149954.0,75.0,False,75.0,75.0,27.5688,7.476,205.9853,384.6912,23.5,1.2725
1772109369.6459758,150208.0,75.0,False,75.0,75.0,27.5625,7.4064,204.1574,436.7155,23.62,1.3063
1772109369.8965673,150462.0,75.0,False,75.0,75.0,27.5562,7.4352,204.8698,488.9702,23.5,1.2725
1772109370.155025,150718.0,75.0,False,75.0,75.0,27.5375,7.6776,211.3877,541.2173,23.5,1.3305
1772109370.4096122,150972.0,75.0,False,75.0,75.0,27.5375,7.8552,216.2894,593.1571,23.62,1.3119
1772109370.668629,151228.0,75.0,True,75.0,75.0,27.5531,7.4784,206.0213,645.865,23.62,1.3337
1772109370.9178014,151482.0,75.0,True,75.0,75.0,27.5625,7.368,203.0573,698.2733,23.62,1.2966
1772109371.1761394,151736.0,75.0,True,75.0,75.0,27.5344,7.5936,211.9474,750.8813,23.62,1.3144
1772109371.4295573,151990.0,75.0,True,75.0,75.0,27.5594,7.3872,203.5056,802.8749,23.62,1.2837
1772109371.6776063,152244.0,75.0,True,75.0,75.0,27.5125,7.8528,216.1186,855.0835,23.62,1.3627
1772109371.9372602,152498.0,75.0,True,75.0,75.0,27.55,7.32,201.6864,907.3459,23.62,1.2886
1772109372.191043,152752.0,75.0,True,75.0,75.0,27.5281,7.644,210.4373,959.3318,23.62,1.2999
1772109372.4466107,153006.0,75.0,True,75.0,75.0,27.5688,7.1952,199.5422,1012.1779,23.62,1.2523
1772109372.7398047,153260.0,80.0,False,77.0,80.0,27.4531,8.4768,232.836,1065.1315,23.62,1.49
1772109372.955838,153516.0,80.0,False,80.0,80.0,27.3687,9.7536,266.8747,65.5258,23.87,1.5835
1772109373.2057974,153770.0,80.0,False,80.0,80.0,27.4531,8.5464,234.6341,128.6784,23.75,1.4377
1772109373.4628413,154024.0,80.0,False,80.0,80.0,27.4875,8.256,226.9426,186.9082,23.75,1.3466
1772109373.7126577,154278.0,80.0,False,80.0,80.0,27.4906,8.0232,220.5758,243.4176,23.75,1.3337
1772109373.9731996,154533.0,80.0,False,80.0,80.0,27.5094,7.8456,215.8181,299.3894,23.75,1.3047
1772109374.223942,154787.0,80.0,False,80.0,80.0,27.5063,8.0256,220.7222,354.4627,23.75,1.3087
1772109374.4814684,155041.0,80.0,False,80.0,80.0,27.4844,8.028,220.6613,409.6666,23.75,1.3595
1772109374.7340848,155295.0,80.0,False,80.0,80.0,27.5031,7.7616,212.7547,465.6154,23.75,1.2878
1772109374.989012,155550.0,80.0,False,80.0,80.0,27.4844,8.1744,224.6414,520.7731,23.75,1.3337
1772109375.2489617,155806.0,80.0,False,80.0,80.0,27.4937,8.1696,224.4187,576.5299,23.75,1.3144
1772109375.5048804,156062.0,80.0,False,80.0,80.0,27.4969,7.992,219.66,632.4864,23.75,1.3401
1772109375.7562551,156316.0,80.0,True,80.0,80.0,27.4969,7.8528,215.9266,687.9744,23.75,1.3047
1772109376.0040445,156570.0,80.0,True,80.0,80.0,27.475,8.0856,222.155,743.0246,23.75,1.32
1772109376.261091,156824.0,80.0,True,80.0,80.0,27.4781,8.1144,222.9322,798.4051,23.75,1.3498
1772109376.519627,157078.0,80.0,True,80.0,80.0,27.4375,8.7744,240.7253,854.1773,23.75,1.3845
1772109376.7687507,157332.0,80.0,True,80.0,80.0,27.4719,8.424,223.2778,910.0646,23.75,1.3692
1772109377.0268779,157586.0,80.0,True,80.0,80.0,27.4594,8.1936,225.072,965.184,23.75,1.3498
1772109377.2773654,157841.0,80.0,True,80.0,80.0,27.4625,8.3184,228.4224,1020.5645,23.75,1.3724
1772109377.535291,158097.0,80.0,True,80.0,80.0,27.4438,8.3496,229.1506,1076.9587,23.75,1.3643
1772109377.8113303,158351.0,85.0,False,82.5,85.0,27.3625,9.4776,259.3358,1133.0995,23.75,1.5948
1772109378.0418558,158606.0,85.0,False,85.0,85.0,27.2469,10.7424,292.6618,76.0397,24.0,1.6625
1772109378.297969,158860.0,85.0,False,85.0,85.0,27.35,9.6552,256.5014,144.1306,23.87,1.5174
1772109378.5541978,159116.0,85.0,False,85.0,85.0,27.4031,8.9664,245.6856,207.2218,23.87,1.399
1772109378.8141563,159370.0,85.0,False,85.0,85.0,27.4219,8.7168,232.0109,266.7341,23.87,1.3821
1772109379.0645335,159625.0,85.0,False,85.0,85.0,27.4312,8.4408,231.5242,325.6781,23.87,1.3401
1772109379.3230646,159881.0,85.0,False,85.0,85.0,27.4188,8.7768,240.5501,385.1366,23.87,1.3595
1772109379.5791972,160137.0,85.0,False,85.0,85.0,27.4438,8.4312,231.4397,444.1037,23.87,1.2974
1772109379.8298428,160391.0,85.0,False,85.0,85.0,27.4031,8.8896,243.7094,502.3258,23.87,1.3579
1772109380.0859826,160645.0,85.0,False,85.0,85.0,27.425,8.736,239.5925,560.7475,23.87,1.3192
1772109380.3400202,160901.0,85.0,False,85.0,85.0,27.4562,7.7328,212.4922,619.9219,23.87,1.2531
1772109380.5964856,161155.0,85.0,False,85.0,85.0,27.4781,7.6704,210.7882,677.7677,23.87,1.2821
1772109380.8492095,161409.0,85.0,True,85.0,85.0,27.425,8.3544,229.1136,736.0666,23.87,1.3458
1772109381.0999568,161663.0,85.0,True,85.0,85.0,27.4344,8.3424,230.6626,795.3562,23.87,1.3224
1772109381.357531,161917.0,85.0,True,85.0,85.0,27.4312,8.3448,228.9115,853.3094,23.87,1.3385
1772109381.6064079,162172.0,85.0,True,85.0,85.0,27.4156,8.5584,234.6485,911.3549,23.87,1.3724
1772109381.863537,162428.0,85.0,True,85.0,85.0,27.4031,8.58,235.0723,970.5523,23.87,1.3692
1772109382.1240325,162684.0,85.0,True,85.0,85.0,27.4156,8.6256,236.3659,1029.8957,23.87,1.3136
1772109382.3805733,162938.0,85.0,True,85.0,85.0,27.4156,8.4552,231.816,1088.087,23.87,1.3111
1772109382.628477,163194.0,85.0,True,85.0,85.0,27.425,8.0616,221.2987,1147.223,23.87,1.2741
1772109382.8931372,163450.0,86.0,False,86.0,86.0,27.3875,8.7384,239.2978,8.7014,23.87,1.3909
1772109383.144134,163706.0,86.0,False,86.0,86.0,27.4094,8.5368,233.9726,71.4163,23.87,1.3635
1772109383.3981981,163961.0,86.0,False,86.0,86.0,27.3406,8.9064,254.1744,132.5952,23.87,1.3893
1772109383.6555257,164216.0,86.0,False,86.0,86.0,27.3875,8.748,239.6165,192.4915,23.87,1.3982
1772109383.9105473,164471.0,86.0,False,86.0,86.0,27.4031,8.724,235.681,252.5338,23.87,1.3603
1772109384.1689868,164727.0,86.0,False,86.0,86.0,27.4375,8.3256,228.4243,311.4854,23.87,1.2733
1772109384.4158719,164982.0,86.0,False,86.0,86.0,27.4219,8.5968,235.5312,371.3818,23.87,1.3756
1772109384.674421,165237.0,86.0,False,86.0,86.0,27.4031,8.4648,231.9336,431.0323,23.87,1.295
1772109384.9353144,165491.0,86.0,False,86.0,86.0,27.4406,7.956,224.4922,490.6598,23.87,1.2668
1772109385.1847677,165746.0,86.0,False,86.0,86.0,27.3969,8.4384,231.169,549.696,23.87,1.3611
1772109385.4337678,166000.0,86.0,False,86.0,86.0,27.4094,8.3568,229.0781,609.2698,24.0,1.2668
1772109385.6966178,166254.0,86.0,False,86.0,86.0,27.4219,8.3976,230.2973,668.7974,24.0,1.3015
1772109385.9464297,166508.0,86.0,True,86.0,86.0,27.3844,8.8848,236.8354,727.6954,24.0,1.403
1772109386.202049,166762.0,86.0,True,86.0,86.0,27.375,8.7768,240.2117,787.1232,24.0,1.3563
1772109386.456295,167016.0,86.0,True,86.0,86.0,27.4,8.7504,239.7298,846.6662,24.0,1.3144
1772109386.7040906,167270.0,86.0,True,86.0,86.0,27.3844,8.5896,235.2197,905.879,24.0,1.3635
1772109386.9627945,167526.0,86.0,True,86.0,86.0,27.4094,8.2416,225.8779,966.0442,24.0,1.3015
1772109387.222723,167781.0,86.0,True,86.0,86.0,27.3594,8.5848,249.9691,1026.5088,24.0,1.3498
1772109387.4770856,168037.0,86.0,True,86.0,86.0,27.3813,8.58,234.9413,1085.7216,24.0,1.4078
1772109387.7340684,168291.0,86.0,True,86.0,86.0,27.3781,8.8392,235.3795,1145.8483,24.0,1.3264
1772109387.9826307,168546.0,87.0,False,87.0,87.0,27.2938,9.7272,270.7627,19.0387,24.0,1.4876
1772109388.237394,168800.0,87.0,False,87.0,87.0,27.3438,9.2304,252.204,82.3142,24.0,1.436
1772109388.492356,169056.0,87.0,False,87.0,87.0,27.3875,8.4624,235.1597,144.3226,24.0,1.3337
1772109388.7525718,169310.0,87.0,False,87.0,87.0,27.3625,8.9136,243.8222,205.1174,24.0,1.3466
1772109388.999702,169564.0,87.0,False,87.0,87.0,27.4031,8.1768,224.1053,265.7894,24.0,1.299
1772109389.2587197,169818.0,87.0,False,87.0,87.0,27.3531,8.9304,244.2725,325.7472,24.0,1.349
1772109389.5154314,170072.0,87.0,False,87.0,87.0,27.3781,8.5968,235.3838,386.0198,24.0,1.3385
1772109389.767068,170326.0,87.0,False,87.0,87.0,27.3219,8.9376,251.3856,447.5059,24.0,1.3861
1772109390.017267,170580.0,87.0,False,87.0,87.0,27.3625,8.7816,240.2304,507.5635,24.0,1.3724
1772109390.2753408,170834.0,87.0,False,87.0,87.0,27.3594,8.52,233.3366,567.552,24.0,1.3144
1772109390.522311,171088.0,87.0,False,87.0,87.0,27.3656,8.6328,236.2766,628.0013,24.0,1.3659
1772109390.7789733,171344.0,87.0,False,87.0,87.0,27.3813,8.4648,231.8112,689.449,24.0,1.3208
1772109391.0379288,171600.0,87.0,True,87.0,87.0,27.325,8.9832,245.6314,750.4973,24.0,1.3885
1772109391.2929752,171854.0,87.0,True,87.0,87.0,27.3375,8.904,243.4834,811.1693,24.0,1.3796
1772109391.551175,172110.0,87.0,True,87.0,87.0,27.3406,8.8824,242.9558,872.8474,24.0,1.3788
1772109391.801302,172364.0,87.0,True,87.0,87.0,27.35,9.036,247.0382,933.2198,24.0,1.3627
1772109392.06084,172619.0,87.0,True,87.0,87.0,27.3813,8.3184,227.7586,994.1376,24.0,1.3563
1772109392.3175912,172875.0,87.0,True,87.0,87.0,27.3563,8.856,242.2286,1054.7942,24.0,1.3514
1772109392.564375,173130.0,87.0,True,87.0,87.0,27.4,8.2824,226.8197,1116.0038,24.0,1.2797
1772109392.822679,173386.0,87.0,True,87.0,87.0,27.3625,8.6352,236.2618,1176.9216,24.0,1.3611
1772109393.082623,173642.0,88.0,False,88.0,88.0,27.3094,9.2136,251.6323,25.2518,24.12,1.424
1772109393.338885,173896.0,88.0,False,88.0,88.0,27.3,9.5616,261.0178,89.4029,24.12,1.4103
1772109393.586401,174150.0,88.0,False,88.0,88.0,27.3312,8.8992,243.24,151.7414,24.12,1.374
1772109393.8428314,174404.0,88.0,False,88.0,88.0,27.3375,8.9328,244.2067,213.4502,24.12,1.4014
1772109394.1021664,174658.0,88.0,False,88.0,88.0,27.3844,8.1744,230.8786,275.9424,24.12,1.2692
1772109394.3475435,174912.0,88.0,False,88.0,88.0,27.325,9.0096,246.227,337.3363,24.12,1.3869
1772109394.6062796,175168.0,88.0,False,88.0,88.0,27.3,8.9376,253.0152,399.575,24.12,1.3692
1772109394.864427,175424.0,88.0,False,88.0,88.0,27.2844,9.4368,257.5008,461.1533,24.12,1.4151
1772109395.1195078,175680.0,88.0,False,88.0,88.0,27.3219,8.9592,244.7678,523.4995,24.12,1.3555
1772109395.3710487,175936.0,88.0,False,88.0,88.0,27.3219,9.1344,249.4262,585.5232,24.12,1.3708
1772109395.6293905,176191.0,88.0,False,88.0,88.0,27.35,8.7648,233.7691,647.7542,24.12,1.3232
1772109395.8790493,176445.0,88.0,False,88.0,88.0,27.3031,9.2832,253.4242,709.7702,24.12,1.4304
1772109396.1376922,176699.0,88.0,True,88.0,88.0,27.3344,8.784,240.1757,771.1565,24.12,1.3643
1772109396.3933487,176953.0,88.0,True,88.0,88.0,27.3094,9.2976,253.9104,833.0266,24.12,1.3821
1772109396.6406512,177207.0,88.0,True,88.0,88.0,27.3,9.2664,252.9432,895.2576,24.12,1.3708
1772109396.9001563,177462.0,88.0,True,88.0,88.0,27.3344,9.0552,247.2168,957.5654,24.12,1.4014
1772109397.1530259,177718.0,88.0,True,88.0,88.0,27.3281,9.1512,238.0997,1019.7197,24.12,1.3917
1772109397.4157963,177974.0,88.0,True,88.0,88.0,27.2938,9.2832,253.3834,1081.5744,24.12,1.4433
1772109397.663023,178229.0,88.0,True,88.0,88.0,27.3125,9.036,246.7454,1144.4352,24.12,1.4006
1772109397.921014,178483.0,88.0,True,88.0,88.0,27.3156,8.9304,243.9125,1206.0211,24.12,1.374
1772109398.177974,178737.0,89.0,False,89.0,89.0,27.2563,9.6216,262.4093,35.136,24.25,1.4546
1772109398.4323747,178991.0,89.0,False,89.0,89.0,27.3,9.2976,253.7861,100.2931,24.25,1.353
1772109398.6895328,179247.0,89.0,False,89.0,89.0,27.3219,8.4408,230.7758,164.1984,24.25,1.3248
1772109398.9379737,179501.0,89.0,False,89.0,89.0,27.2969,9.1704,250.3003,227.136,24.25,1.3925
1772109399.196743,179755.0,89.0,False,89.0,89.0,27.2875,9.3432,254.9141,290.0813,24.25,1.4167
1772109399.4436712,180009.0,89.0,False,89.0,89.0,27.3062,8.9088,251.6616,353.3645,24.25,1.3579
1772109399.7008452,180263.0,89.0,False,89.0,89.0,27.2844,9.2712,253.0296,415.7491,24.25,1.4127
1772109399.960478,180517.0,89.0,False,89.0,89.0,27.3062,8.8752,242.4264,478.5024,24.25,1.3538
1772109400.2115426,180771.0,89.0,False,89.0,89.0,27.2969,8.9544,244.4107,541.3786,24.25,1.3998
1772109400.4688172,181025.0,89.0,False,89.0,89.0,27.3094,8.772,239.5848,603.9322,24.25,1.3821
1772109400.7156284,181279.0,89.0,False,89.0,89.0,27.3031,8.9472,244.2653,667.6147,24.25,1.3563
1772109400.9750762,181533.0,89.0,False,89.0,89.0,27.2938,9.0744,247.6358,730.5907,24.25,1.4119
1772109401.2239885,181787.0,89.0,True,89.0,89.0,27.3062,8.904,243.0926,793.1059,24.25,1.3724
1772109401.4777985,182041.0,89.0,True,89.0,89.0,27.3125,8.7624,239.3376,855.6211,24.25,1.3837
1772109401.7380104,182295.0,89.0,True,89.0,89.0,27.2844,9.1776,250.3594,918.935,24.25,1.3837
1772109401.9849916,182549.0,89.0,True,89.0,89.0,27.2844,9.0912,248.0645,982.4486,24.25,1.4159
1772109402.2454197,182803.0,89.0,True,89.0,89.0,27.3031,8.9952,240.1627,1045.0176,24.25,1.3982
1772109402.4929442,183059.0,89.0,True,89.0,89.0,27.2844,9.0984,248.2301,1108.7923,24.25,1.424
1772109402.7531946,183315.0,89.0,True,89.0,89.0,27.2906,8.9592,244.4981,1172.0218,24.25,1.3659
1772109403.0112174,183569.0,89.0,True,89.0,89.0,27.25,9.456,257.6722,1235.7197,24.25,1.4505
1772109403.2639894,183823.0,90.0,False,90.0,90.0,27.225,10.0464,273.2712,42.6701,24.37,1.4884
1772109403.5205953,184077.0,90.0,False,90.0,90.0,27.2437,9.5544,260.2958,109.0022,24.37,1.4014
1772109403.7698169,184331.0,90.0,False,90.0,90.0,27.2625,9.3984,256.237,173.4682,24.37,1.4207
1772109404.018628,184585.0,90.0,False,90.0,90.0,27.3156,8.4912,235.8749,238.3181,24.37,1.3256
1772109404.274871,184839.0,90.0,False,90.0,90.0,27.2531,9.3288,254.305,302.6765,24.37,1.374
1772109404.5305748,185095.0,90.0,False,90.0,90.0,27.2531,9.372,264.311,367.1731,24.37,1.4111
1772109404.7884557,185349.0,90.0,False,90.0,90.0,27.2687,9.1032,248.2483,430.9709,24.37,1.4022
1772109405.0389998,185605.0,90.0,False,90.0,90.0,27.25,9.504,255.396,495.7133,24.37,1.3853
1772109405.2966084,185860.0,90.0,False,90.0,90.0,27.275,8.9952,245.3246,559.7952,24.37,1.3772
1772109405.5542006,186116.0,90.0,False,90.0,90.0,27.2594,9.3624,255.131,624.4531,24.37,1.3974
1772109405.8039284,186370.0,90.0,False,90.0,90.0,27.2344,9.7872,266.5445,688.512,24.37,1.407
1772109406.0630214,186625.0,90.0,False,90.0,90.0,27.2813,9.0432,246.5981,753.6922,24.37,1.3893
1772109406.3199103,186879.0,90.0,True,90.0,90.0,27.2719,9.1656,249.8688,817.6051,24.37,1.3982
1772109406.576726,187134.0,90.0,True,90.0,90.0,27.2313,9.5328,259.5499,881.8406,24.37,1.3861
1772109406.8254426,187388.0,90.0,True,90.0,90.0,27.2563,9.0504,260.209,947.1898,24.37,1.3764
1772109407.084237,187642.0,90.0,True,90.0,90.0,27.2344,9.3936,255.9134,1011.3101,24.37,1.4288
1772109407.3312874,187898.0,90.0,True,90.0,90.0,27.2437,9.5592,253.4448,1076.2522,24.37,1.4014
1772109407.589876,188152.0,90.0,True,90.0,90.0,27.2313,9.2016,250.8067,1140.5952,24.37,1.3861
1772109407.8484755,188407.0,90.0,True,90.0,90.0,27.2188,9.72,264.5314,1204.8384,24.37,1.4868
1772109408.1937451,188662.0,91.0,False,90.0,90.0,27.2406,9.5064,258.7949,1269.9341,24.37,1.4111
1772109408.3570287,188916.0,91.0,False,91.0,91.0,27.2156,9.9576,271.0118,49.4054,24.5,1.424
1772109408.61312,189171.0,91.0,False,91.0,91.0,27.2219,9.696,263.8051,117.3965,24.5,1.4546
1772109408.8630373,189427.0,91.0,False,91.0,91.0,27.2625,9.2592,247.0858,183.6211,24.37,1.4111
1772109409.1233616,189681.0,91.0,False,91.0,91.0,27.2531,9.2544,252.0322,248.9702,24.37,1.374
1772109409.3687143,189935.0,91.0,False,91.0,91.0,27.1938,9.792,266.3722,314.3885,24.37,1.4723
1772109409.6291747,190190.0,91.0,False,91.0,91.0,27.2188,9.5376,259.6234,380.1677,24.5,1.4078
1772109409.8781888,190444.0,91.0,False,91.0,91.0,27.2687,9.036,246.2683,445.2787,24.5,1.3829
1772109410.1374748,190698.0,91.0,False,91.0,91.0,27.2156,9.8784,268.6022,510.7968,24.5,1.428
1772109410.3944125,190952.0,91.0,False,91.0,91.0,27.2344,9.3984,255.9139,575.9846,24.5,1.4119
1772109410.641401,191206.0,91.0,False,91.0,91.0,27.2219,9.3984,255.8813,641.0035,24.5,1.3974
1772109410.8963053,191460.0,91.0,False,91.0,91.0,27.1969,9.6696,262.9891,707.3357,24.5,1.5722
1772109411.1544158,191714.0,91.0,False,91.0,91.0,27.2125,9.8232,267.2717,772.6771,24.5,1.4175
1772109411.4109573,191968.0,91.0,True,91.0,91.0,27.2531,9.0576,246.7642,837.6038,24.5,1.4014
1772109411.6601222,192223.0,91.0,True,91.0,91.0,27.1906,9.6936,263.5781,903.2448,24.5,1.4207
1772109411.9116507,192477.0,91.0,True,91.0,91.0,27.2281,9.216,254.6395,969.6461,24.5,1.3998
1772109412.1715271,192733.0,91.0,True,91.0,91.0,27.2375,9.5016,258.8069,1034.6266,24.5,1.3563
1772109412.4271364,192987.0,91.0,True,91.0,91.0,27.2125,9.6504,257.6683,1100.7437,24.5,1.4385
1772109412.6753058,193241.0,91.0,True,91.0,91.0,27.1875,9.2232,251.1446,1166.4845,24.5,1.3861
1772109412.9291382,193495.0,91.0,True,91.0,91.0,27.2281,9.4752,257.7528,1231.4573,24.5,1.4675
1772109413.2458234,193749.0,92.0,False,91.0,91.0,27.2375,9.3504,254.6957,1296.7526,24.5,1.3611
1772109413.4385402,194003.0,92.0,False,92.0,92.0,27.1656,9.9648,274.1328,55.4266,24.5,1.461
1772109413.696536,194257.0,92.0,False,92.0,92.0,27.1938,9.8064,266.5445,123.241,24.5,1.4667
1772109413.9450374,194511.0,92.0,False,92.0,92.0,27.2031,9.768,265.6901,190.2643,24.5,1.4143
1772109414.2045555,194765.0,92.0,False,92.0,92.0,27.1875,9.6768,263.0822,256.9267,24.5,1.4103
1772109414.4595277,195019.0,92.0,False,92.0,92.0,27.2,9.5304,259.1923,323.497,24.5,1.4771
1772109414.7091203,195273.0,92.0,False,92.0,92.0,27.1969,9.5184,263.6741,390.6355,24.5,1.4336
1772109414.9681246,195528.0,92.0,False,92.0,92.0,27.2,9.6192,261.6734,457.0906,24.5,1.4175
1772109415.2244992,195782.0,92.0,False,92.0,92.0,27.1812,9.6672,262.7266,523.9142,24.5,1.3917
1772109415.4797785,196036.0,92.0,False,92.0,92.0,27.1969,9.5688,260.2392,590.7533,24.5,1.4385
1772109415.7292218,196290.0,92.0,False,92.0,92.0,27.1875,9.6816,263.1043,657.0624,24.5,1.4546
1772109415.9777708,196544.0,92.0,False,92.0,92.0,27.1594,9.8544,267.7992,723.7709,24.62,1.4207
1772109416.2355394,196800.0,92.0,True,92.0,92.0,27.1688,9.6024,261.1771,790.8326,24.62,1.4175
1772109416.490474,197054.0,92.0,True,92.0,92.0,27.1656,10.1904,276.5477,857.3338,24.62,1.482
1772109416.7506542,197308.0,92.0,True,92.0,92.0,27.1938,9.48,257.7878,924.2189,24.62,1.4433
1772109416.998005,197562.0,92.0,True,92.0,92.0,27.2156,9.2328,251.3136,990.5971,24.62,1.4006
1772109417.2508426,197816.0,92.0,True,92.0,92.0,27.1781,9.5808,260.401,1057.7894,24.62,1.3998
1772109417.513494,198072.0,92.0,True,92.0,92.0,27.1406,10.14,275.2018,1124.6131,24.62,1.4505
1772109417.7662568,198327.0,92.0,True,92.0,92.0,27.175,9.984,271.0882,1192.0051,24.62,1.4739
1772109418.0192394,198581.0,92.0,True,92.0,92.0,27.1969,9.4224,256.2696,1258.4064,24.62,1.4288
1772109418.3003938,198835.0,93.0,False,93.0,93.0,27.1281,10.5216,285.4493,1325.3376,24.62,1.511
1772109418.5234675,199090.0,93.0,False,93.0,93.0,27.0938,10.5624,286.4578,63.5904,24.62,1.4256
1772109418.7864678,199345.0,93.0,False,93.0,93.0,27.1375,10.3272,280.2888,132.7949,24.62,1.4433
1772109419.0390272,199601.0,93.0,False,93.0,93.0,27.1594,9.8448,267.3485,201.7382,24.62,1.4514
1772109419.2922444,199856.0,93.0,False,93.0,93.0,27.1938,9.5112,258.5789,270.6739,24.62,1.4159
1772109419.5463173,200112.0,93.0,False,93.0,93.0,27.1625,9.9336,265.3733,338.8339,24.62,1.4852
1772109419.8006923,200366.0,93.0,False,93.0,93.0,27.175,9.4848,257.7413,406.6099,24.62,1.4312
1772109420.0651767,200622.0,93.0,False,93.0,93.0,27.1844,9.7464,255.6034,475.3229,24.62,1.4256
1772109420.318913,200878.0,93.0,False,93.0,93.0,27.1219,10.1472,275.2133,542.9376,24.62,1.4691
1772109420.572923,201132.0,93.0,False,93.0,93.0,27.125,10.3512,270.6566,611.7427,24.62,1.4546
1772109420.8284793,201386.0,93.0,False,93.0,93.0,27.1812,9.8448,267.2232,679.703,24.62,1.4119
1772109421.0768766,201640.0,93.0,False,93.0,93.0,27.1844,9.7848,265.6013,747.2563,24.62,1.4207
1772109421.3332999,201894.0,93.0,True,93.0,93.0,27.1375,9.9264,269.3698,814.9555,24.62,1.4352
1772109421.586602,202150.0,93.0,True,93.0,93.0,27.1281,10.3056,279.4344,884.0141,24.62,1.4626
1772109421.83827,202404.0,93.0,True,93.0,93.0,27.1375,9.9216,269.2354,951.9206,24.75,1.4288
1772109422.0936852,202660.0,93.0,True,93.0,93.0,27.1281,10.1928,276.5938,1020.5338,24.62,1.4788
1772109422.3569915,202916.0,93.0,True,93.0,93.0,27.1094,9.9696,270.3734,1089.7459,24.75,1.4779
1772109422.6099932,203170.0,93.0,True,93.0,93.0,27.125,9.8424,267.1685,1157.9981,24.75,1.4651
1772109422.8677394,203426.0,93.0,True,93.0,93.0,27.1563,9.636,261.7536,1226.7187,24.62,1.4272
1772109423.115491,203680.0,93.0,True,93.0,93.0,27.1187,9.696,263.1533,1294.8787,24.75,1.4368
1772109423.38771,203934.0,94.0,False,94.0,94.0,27.0531,10.7544,304.0032,2.8186,24.75,1.5658
1772109423.6314535,204188.0,94.0,False,94.0,94.0,27.0938,10.4352,282.6432,75.2794,24.75,1.5319
1772109423.8781464,204442.0,94.0,False,94.0,94.0,27.1313,9.9072,268.7803,145.8125,24.75,1.4788
1772109424.1316106,204696.0,94.0,False,94.0,94.0,27.125,9.8568,267.385,216.023,24.75,1.4812
1772109424.3843248,204950.0,94.0,False,94.0,94.0,27.1156,10.0584,272.7638,285.1814,24.75,1.4352
1772109424.646892,205205.0,94.0,False,94.0,94.0,27.0969,9.9096,268.9123,355.2384,24.75,1.4368
1772109424.9003909,205460.0,94.0,False,94.0,94.0,27.1313,9.8256,266.5627,424.5043,24.75,1.4642
1772109425.1489177,205714.0,94.0,False,94.0,94.0,27.1094,10.3248,274.2806,494.3386,24.75,1.4828
1772109425.404649,205970.0,94.0,False,94.0,94.0,27.1063,10.3104,279.4723,564.3802,24.75,1.4352
1772109425.6677022,206226.0,94.0,False,94.0,94.0,27.075,10.5288,285.0754,634.2067,24.75,1.5529
1772109425.9203904,206482.0,94.0,False,94.0,94.0,27.1,10.2432,277.609,704.5478,24.75,1.4344
1772109426.174985,206736.0,94.0,False,94.0,94.0,27.1094,10.3008,279.2136,773.7139,24.75,1.4401
1772109426.4263597,206992.0,94.0,True,94.0,94.0,27.1156,9.9336,269.3779,844.0397,24.75,1.4908
1772109426.687394,207248.0,94.0,True,94.0,94.0,27.1094,10.2552,277.8739,914.4576,24.75,1.4618
1772109426.9398317,207504.0,94.0,True,94.0,94.0,27.1125,9.8112,266.2094,984.6298,24.75,1.4368
1772109427.194286,207760.0,94.0,True,94.0,94.0,27.1063,10.392,273.2189,1055.0784,24.75,1.4916
1772109427.4485853,208014.0,94.0,True,94.0,94.0,27.0625,10.8216,292.765,1125.0893,24.75,1.511
1772109427.7019079,208268.0,94.0,True,94.0,94.0,27.0719,10.3992,281.8262,1194.601,24.75,1.4554
1772109427.9630892,208524.0,94.0,True,94.0,94.0,27.0969,10.1376,274.6747,1265.1494,24.75,1.4868
1772109428.213103,208780.0,94.0,True,94.0,94.0,27.0719,10.6344,278.9774,1336.1203,24.87,1.4949
1772109428.4850786,209035.0,95.0,False,95.0,95.0,26.9906,11.6328,313.9997,11.4509,24.87,1.5787
1772109428.7299411,209289.0,95.0,False,95.0,95.0,27.075,10.368,280.5955,85.9085,24.87,1.5158
1772109428.9842958,209544.0,95.0,False,95.0,95.0,27.0187,11.064,298.9171,158.0774,24.87,1.5464
1772109429.2370625,209800.0,95.0,False,95.0,95.0,27.0812,10.4088,281.6491,229.8317,24.87,1.5319
1772109429.4908915,210056.0,95.0,False,95.0,95.0,27.0594,10.2192,276.7282,301.5168,24.87,1.4755
1772109429.7447019,210311.0,95.0,False,95.0,95.0,27.0625,10.3848,281.0304,372.4877,24.87,1.511
1772109430.0090458,210567.0,95.0,False,95.0,95.0,27.0844,10.0536,272.2666,443.735,24.87,1.49
1772109430.262163,210823.0,95.0,False,95.0,95.0,27.0844,10.4448,282.7234,515.0131,24.87,1.4675
1772109430.515017,211079.0,95.0,False,95.0,95.0,27.1,10.0464,272.0928,586.6291,24.87,1.4788
1772109430.768699,211335.0,95.0,False,95.0,95.0,27.0625,10.3152,285.8568,658.1683,24.87,1.5013
1772109431.0337994,211590.0,95.0,False,95.0,95.0,27.0531,10.3776,280.7299,728.8781,24.87,1.5078
1772109431.288026,211844.0,95.0,False,95.0,95.0,27.0688,10.5144,284.6174,800.1562,24.87,1.4796
1772109431.5399902,212100.0,95.0,True,95.0,95.0,27.05,10.4304,282.1685,871.7568,24.87,1.4868
1772109431.7940626,212354.0,95.0,True,95.0,95.0,27.0812,10.4376,282.6528,942.3283,24.87,1.461
1772109432.0484915,212609.0,95.0,True,95.0,95.0,27.0594,10.692,289.069,1014.1594,24.87,1.5303
1772109432.3016706,212863.0,95.0,True,95.0,95.0,27.025,10.9416,295.7942,1085.6755,24.87,1.5271
1772109432.557003,213117.0,95.0,True,95.0,95.0,27.1,9.8736,267.588,1156.5158,24.87,1.4586
1772109432.81199,213372.0,95.0,True,95.0,95.0,27.0406,10.7376,290.5262,1228.5005,24.87,1.4804
1772109433.065947,213626.0,95.0,True,95.0,95.0,27.0625,10.3152,279.1814,1299.671,25.0,1.5062
1772109433.321048,213882.0,95.0,True,95.0,95.0,27.0438,10.5288,284.9746,1371.479,25.0,1.4659
1772109433.572581,214136.0,96.0,False,96.0,96.0,26.9969,10.9848,296.5771,23.8003,25.0,1.59
1772109433.8288906,214391.0,96.0,False,96.0,96.0,26.9688,11.448,309.0437,99.9782,25.0,1.5569
1772109434.0861413,214646.0,96.0,False,96.0,96.0,27.0281,10.464,282.8323,173.0458,25.0,1.4876
1772109434.3427975,214902.0,96.0,False,96.0,96.0,27.0375,10.5864,286.2029,246.336,25.0,1.5158
1772109434.591677,215157.0,96.0,False,96.0,96.0,27.0688,10.1232,273.9859,319.9642,25.0,1.4634
1772109434.847181,215411.0,96.0,False,96.0,96.0,27.0031,11.052,298.5662,392.1024,25.0,1.5174
1772109435.105982,215665.0,96.0,False,96.0,96.0,27.0469,10.2672,277.7016,464.2406,25.0,1.4933
1772109435.3522592,215919.0,96.0,False,96.0,96.0,27.0156,10.8288,292.5413,536.832,25.0,1.5561
1772109435.609658,216173.0,96.0,False,96.0,96.0,27.0406,10.4568,282.7603,610.0685,25.0,1.4377
1772109435.865229,216427.0,96.0,False,96.0,96.0,27.0562,10.212,276.2309,682.4294,25.0,1.4771
1772109436.123396,216683.0,96.0,False,96.0,96.0,27.0406,10.3824,279.4421,755.9117,25.0,1.49
1772109436.3779612,216937.0,96.0,False,96.0,96.0,27.0313,10.5264,284.7696,828.2573,25.0,1.4796
1772109436.6337173,217192.0,96.0,True,96.0,96.0,27.0094,10.5696,285.5083,900.8026,25.0,1.5174
1772109436.8809326,217447.0,96.0,True,96.0,96.0,27.0219,10.608,286.4947,974.6381,25.0,1.5344
1772109437.1395667,217703.0,96.0,True,96.0,96.0,27.0594,10.188,280.1698,1048.0973,25.0,1.4747
1772109437.3992858,217957.0,96.0,True,96.0,96.0,27.0031,10.9272,295.1606,1120.7194,25.0,1.49
1772109437.653971,218212.0,96.0,True,96.0,96.0,27.025,10.5024,283.8312,1193.8176,25.12,1.5078
1772109437.902452,218468.0,96.0,True,96.0,96.0,27.0187,10.632,287.2474,1267.3075,25.0,1.5078
1772109438.1654146,218724.0,96.0,True,96.0,96.0,27.0375,10.0608,272.1346,1340.5286,25.0,1.4699
1772109438.4153106,218979.0,96.0,True,96.0,96.0,26.9656,11.2704,303.889,1413.4886,25.12,1.5634
1772109438.6701543,219235.0,97.0,False,97.0,97.0,26.975,11.16,301.0522,30.336,25.12,1.5384
1772109438.9255486,219491.0,97.0,False,97.0,97.0,26.95,11.4744,309.2131,107.1974,25.12,1.5658
1772109439.1824682,219745.0,97.0,False,97.0,97.0,26.9906,10.7736,290.7797,181.9546,25.12,1.5722
1772109439.4396002,220000.0,97.0,False,97.0,97.0,27.0187,10.5288,284.3414,257.3107,25.12,1.5126
1772109439.6946833,220254.0,97.0,False,97.0,97.0,26.9969,10.74,289.9262,330.7699,25.12,1.5666
1772109439.9416676,220508.0,97.0,False,97.0,97.0,26.975,11.0064,296.9107,405.3427,25.12,1.5859
1772109440.199702,220764.0,97.0,False,97.0,97.0,26.9906,10.8456,292.6862,480.6067,25.12,1.5368
1772109440.4601321,221018.0,97.0,False,97.0,97.0,26.9813,11.0544,298.2878,554.1427,25.12,1.5464
1772109440.7062001,221272.0,97.0,False,97.0,97.0,26.95,11.3136,304.9027,629.399,25.12,1.54
1772109440.9651983,221527.0,97.0,False,97.0,97.0,26.9937,10.836,292.705,703.7875,25.12,1.4771
1772109441.2226837,221782.0,97.0,False,97.0,97.0,26.9406,11.0688,306.5376,778.4832,25.12,1.5473
1772109441.471264,222037.0,97.0,False,97.0,97.0,26.9813,10.836,292.3632,852.8947,25.12,1.4941
1772109441.7288172,222291.0,97.0,True,97.0,97.0,26.9781,10.8648,293.1082,927.1219,25.12,1.5174
1772109441.9899871,222546.0,97.0,True,97.0,97.0,26.9875,10.9704,295.8917,1001.8253,25.12,1.5368
1772109442.2366645,222800.0,97.0,True,97.0,97.0,26.9813,10.8576,292.8888,1076.3597,25.12,1.5368
1772109442.4959588,223054.0,97.0,True,97.0,97.0,26.9969,10.668,287.9755,1150.9786,25.25,1.5368
1772109442.742074,223308.0,97.0,True,97.0,97.0,26.9688,11.0568,298.1669,1225.2211,25.25,1.5779
1772109442.9998696,223564.0,97.0,True,97.0,97.0,27.0094,10.3056,278.3357,1300.3699,25.25,1.5013
1772109443.2563477,223819.0,97.0,True,97.0,97.0,26.9656,10.7208,303.8736,1375.8874,25.25,1.5174
1772109443.515163,224073.0,97.0,True,97.0,97.0,26.9531,10.9104,294.3221,1450.1299,25.25,1.5448
1772109443.7696865,224327.0,98.0,False,98.0,98.0,26.9156,11.6352,311.0395,44.9203,25.25,1.5916
1772109444.018827,224582.0,98.0,False,98.0,98.0,26.9219,11.6256,312.9696,122.9568,25.25,1.5803
1772109444.2751114,224836.0,98.0,False,98.0,98.0,26.9094,11.76,316.453,199.6262,25.25,1.5722
1772109444.533929,225090.0,98.0,False,98.0,98.0,26.925,10.9608,310.0795,276.6106,25.25,1.54
1772109444.7792797,225345.0,98.0,False,98.0,98.0,26.9469,10.9224,294.3322,352.6042,25.25,1.5593
1772109445.041458,225599.0,98.0,False,98.0,98.0,26.9844,10.4808,282.8174,428.2522,25.25,1.5118
1772109445.2875302,225853.0,98.0,False,98.0,98.0,26.9625,10.7784,290.5651,503.8157,25.25,1.5545
1772109445.5444877,226109.0,98.0,False,98.0,98.0,26.9156,11.2896,303.9014,581.0381,25.25,1.5932
1772109445.800554,226363.0,98.0,False,98.0,98.0,26.925,11.0448,297.3499,657.6998,25.25,1.573
1772109446.0598018,226617.0,98.0,False,98.0,98.0,26.925,11.5272,301.2278,733.44,25.25,1.5706
1772109446.3072932,226871.0,98.0,False,98.0,98.0,26.9375,11.4024,306.9552,809.7485,25.37,1.5416
1772109446.566401,227125.0,98.0,False,98.0,98.0,26.9219,11.316,304.6152,885.4042,25.25,1.5529
1772109446.821807,227381.0,98.0,True,98.0,98.0,26.8781,11.3208,304.788,962.3347,25.25,1.5795
1772109447.071603,227636.0,98.0,True,98.0,98.0,26.9531,10.8888,293.471,1038.8506,25.37,1.5174
1772109447.327745,227890.0,98.0,True,98.0,98.0,26.9844,10.548,284.3899,1115.2896,25.37,1.5279
1772109447.5825863,228144.0,98.0,True,98.0,98.0,26.9688,10.788,290.7106,1191.168,25.37,1.5529
1772109447.8404834,228399.0,98.0,True,98.0,98.0,26.9188,11.2968,304.1078,1267.6224,25.37,1.6061
1772109448.0878701,228653.0,98.0,True,98.0,98.0,26.95,10.9152,294.1598,1344.4838,25.37,1.5787
1772109448.3447158,228907.0,98.0,True,98.0,98.0,26.9,11.7936,312.3595,1421.0227,25.37,1.619
1772109448.595278,229162.0,98.0,True,98.0,98.0,26.8875,11.6208,312.42,1497.4848,25.37,1.6029
1772109448.8557284,229417.0,99.0,False,99.0,99.0,26.8594,11.9736,321.5726,55.1194,25.37,1.598
1772109449.107349,229672.0,99.0,False,99.0,99.0,26.8844,11.496,322.487,135.6902,25.37,1.594
1772109449.3622317,229927.0,99.0,False,99.0,99.0,26.8719,11.6088,311.939,214.2336,25.37,1.627
1772109449.619801,230181.0,99.0,False,99.0,99.0,26.8563,11.9928,322.0771,292.3315,25.37,1.6045
1772109449.874872,230436.0,99.0,False,99.0,99.0,26.8531,11.7768,316.4098,370.6829,25.37,1.6375
1772109450.132705,230690.0,99.0,False,99.0,99.0,26.8906,11.3544,305.3194,448.1434,25.37,1.6077
1772109450.3811064,230945.0,99.0,False,99.0,99.0,26.8937,11.3376,310.692,526.8403,25.37,1.5368
1772109450.6392844,231199.0,99.0,False,99.0,99.0,26.8844,11.4576,307.9805,603.9706,25.37,1.6158
1772109450.8962996,231453.0,99.0,False,99.0,99.0,26.8969,11.472,308.3563,681.7459,25.37,1.6182
1772109451.1439576,231707.0,99.0,False,99.0,99.0,26.8719,11.5896,311.4379,759.3216,25.37,1.5755
1772109451.4020941,231961.0,99.0,False,99.0,99.0,26.8937,11.5608,310.9066,836.4518,25.37,1.5448
1772109451.648284,232215.0,99.0,False,99.0,99.0,26.8906,11.4576,310.7549,914.9414,25.37,1.6053
1772109451.9070768,232470.0,99.0,True,99.0,99.0,26.8969,11.556,310.595,992.663,25.5,1.5698
1772109452.164095,232726.0,99.0,True,99.0,99.0,26.8563,11.4432,307.5197,1071.168,25.37,1.6029
1772109452.4223597,232982.0,99.0,True,99.0,99.0,26.9063,11.6304,312.5203,1150.0339,25.5,1.5932
1772109452.6765661,233236.0,99.0,True,99.0,99.0,26.8719,11.9688,321.3893,1228.1779,25.5,1.598
1772109452.9236815,233490.0,99.0,True,99.0,99.0,26.8813,11.5728,311.1283,1305.7229,25.5,1.5795
1772109453.1819675,233745.0,99.0,True,99.0,99.0,26.8719,11.6064,309.4666,1384.7885,25.5,1.6085
1772109453.4412563,233999.0,99.0,True,99.0,99.0,26.8625,12.0048,322.1621,1463.2166,25.5,1.619
1772109453.7702146,234253.0,99.8,False,99.0,99.0,26.8906,11.4408,307.739,1541.0688,25.5,1.544
1772109453.9460754,234509.0,99.8,False,99.8,99.8,26.8594,11.7144,314.6424,66.1018,25.62,1.6399
1772109454.2058134,234763.0,99.8,False,99.8,99.8,26.8219,12.084,324.1104,147.0259,25.62,1.619
1772109454.4505002,235017.0,99.8,False,99.8,99.8,26.8719,11.4648,312.1262,227.5046,25.62,1.5819
1772109454.705421,235272.0,99.8,False,99.8,99.8,26.8062,12.2088,327.2683,307.2154,25.62,1.6158
1772109454.9656646,235526.0,99.8,False,99.8,99.8,26.8937,10.9752,295.176,386.6266,25.62,1.5456
1772109455.2138271,235780.0,99.8,False,99.8,99.8,26.8281,11.8488,317.8661,466.345,25.62,1.598
1772109455.4748888,236034.0,99.8,False,99.8,99.8,26.8406,11.9064,319.5072,545.3952,25.62,1.6303
1772109455.7304773,236290.0,99.8,False,99.8,99.8,26.8594,11.1288,309.3523,625.728,25.62,1.519
1772109455.9801006,236545.0,99.8,False,99.8,99.8,26.8188,11.9568,320.6539,704.855,25.62,1.6722
1772109456.2391644,236799.0,99.8,False,99.8,99.8,26.8312,11.8944,319.1371,784.1664,25.62,1.59
1772109456.487447,237053.0,99.8,False,99.8,99.8,26.8625,11.4864,308.5238,863.8464,25.62,1.5916
1772109456.7431068,237309.0,99.8,True,99.8,99.8,26.8406,12.0048,322.2014,944.0794,25.62,1.5658
1772109457.0034366,237565.0,99.8,True,99.8,99.8,26.8375,11.7984,316.633,1024.3123,25.62,1.5827
1772109457.253988,237819.0,99.8,True,99.8,99.8,26.8219,12.24,328.2667,1104.192,25.62,1.5972
1772109457.5128329,238075.0,99.8,True,99.8,99.8,26.8219,12.0096,322.1064,1184.5709,25.62,1.5884
1772109457.7668092,238330.0,99.8,True,99.8,99.8,26.8563,11.532,312.8933,1265.1418,25.62,1.59
1772109458.0275633,238584.0,99.8,True,99.8,99.8,26.8406,11.964,320.8675,1345.3747,25.62,1.5932
1772109458.277018,238839.0,99.8,True,99.8,99.8,26.8406,11.6856,313.6392,1425.0624,25.62,1.6093
1772109458.534684,239093.0,99.8,True,99.8,99.8,26.8062,11.9904,321.397,1506.4934,25.62,1.6544
